<?xml version="1.0" encoding="utf-8" ?>
<rss version="2.0" xmlns:geo="http://www.w3.org/2003/01/geo/wgs84_pos#">
  <channel>
    <title>Kawartha</title>
    <link/>
    <description>Kawartha Highlands Signature Site</description>


<item>
<title>CAN003708</title>
	<description>

	<![CDATA[
		<table>
			<tr><td>Batch Name</td><td>	Kawartha Highlands Signature Site	</td></tr>
			<tr><td>Collector</td><td>	Graham Cameron	</td></tr>
			<tr><td>Field Code:</td><td>	F14-H1	</td></tr>
			<tr><td>Collector Comments</td><td>	2 hairs	</td></tr>
			<tr><td>Tissue Type</td><td>	Hair	</td></tr>
			<tr><td>Date Collected</td><td>	38762	</td></tr>
		</table>
	]]>
	</description>
	<geo:lat>	44.61575068	</geo:lat>
	<geo:long>	-78.18641239	</geo:long>

</item>

<item><title>CAN003709</title><description><![CDATA[	<table><tr><td>Batch Name</td><td>	Kawartha Highlands Signature Site	</td></tr> <tr><td>Collector</td><td>	Graham Cameron	</td></tr><tr><td>Field Code:</td><td>	F15-H1	</td></tr><tr><td>Collector Comments</td><td>	8 very fine hairs	</td></tr><tr><td>Tissue Type</td><td>	Hair	</td></tr><tr><td>Date Collected</td><td>	2/15/2006 0:00	</td></tr></table>	]]></description><geo:lat>	44.81198365	</geo:lat><geo:long>	-78.2275424	</geo:long></item>
<item><title>CAN003710</title><description><![CDATA[	<table><tr><td>Batch Name</td><td>	Kawartha Highlands Signature Site	</td></tr> <tr><td>Collector</td><td>	Graham Cameron	</td></tr><tr><td>Field Code:</td><td>	F15-H2	</td></tr><tr><td>Collector Comments</td><td>	1 hair	</td></tr><tr><td>Tissue Type</td><td>	Hair	</td></tr><tr><td>Date Collected</td><td>	2/15/2006 0:00	</td></tr></table>	]]></description><geo:lat>	44.82678029	</geo:lat><geo:long>	-78.15667694	</geo:long></item>
<item><title>CAN003711</title><description><![CDATA[	<table><tr><td>Batch Name</td><td>	Kawartha Highlands Signature Site	</td></tr> <tr><td>Collector</td><td>	Graham Cameron	</td></tr><tr><td>Field Code:</td><td>	F15-S1	</td></tr><tr><td>Collector Comments</td><td>	Scat on trail near N. Rathbun Lake	</td></tr><tr><td>Tissue Type</td><td>	Feces	</td></tr><tr><td>Date Collected</td><td>	2/15/2006 0:00	</td></tr></table>	]]></description><geo:lat>	44.80887563	</geo:lat><geo:long>	-78.22597157	</geo:long></item>
<item><title>CAN003712</title><description><![CDATA[	<table><tr><td>Batch Name</td><td>	Kawartha Highlands Signature Site	</td></tr> <tr><td>Collector</td><td>	Graham Cameron	</td></tr><tr><td>Field Code:</td><td>	F17-S4	</td></tr><tr><td>Collector Comments</td><td>	Scat on trail	</td></tr><tr><td>Tissue Type</td><td>	Feces	</td></tr><tr><td>Date Collected</td><td>	2/17/2006 0:00	</td></tr></table>	]]></description><geo:lat>	44.64807409	</geo:lat><geo:long>	-78.32968396	</geo:long></item>
<item><title>CAN003713</title><description><![CDATA[	<table><tr><td>Batch Name</td><td>	Kawartha Highlands Signature Site	</td></tr> <tr><td>Collector</td><td>	Graham Cameron	</td></tr><tr><td>Field Code:</td><td>	F20-B1	</td></tr><tr><td>Collector Comments</td><td>	Estris Urine/Blood frozen on snow on beaver hut scent post near shark lake	</td></tr><tr><td>Tissue Type</td><td>	Blood	</td></tr><tr><td>Date Collected</td><td>	2/20/2006 0:00	</td></tr></table>	]]></description><geo:lat>	44.64671348	</geo:lat><geo:long>	-78.18801704	</geo:long></item>
<item><title>CAN003714</title><description><![CDATA[	<table><tr><td>Batch Name</td><td>	Kawartha Highlands Signature Site	</td></tr> <tr><td>Collector</td><td>	Graham Cameron	</td></tr><tr><td>Field Code:</td><td>	F21-S1	</td></tr><tr><td>Collector Comments</td><td>	NW of Serpentine Lake 	</td></tr><tr><td>Tissue Type</td><td>	Unknown	</td></tr><tr><td>Date Collected</td><td>	2/21/2006 0:00	</td></tr></table>	]]></description><geo:lat>	44.81099699	</geo:lat><geo:long>	-78.19135797	</geo:long></item>
<item><title>CAN003715</title><description><![CDATA[	<table><tr><td>Batch Name</td><td>	Kawartha Highlands Signature Site	</td></tr> <tr><td>Collector</td><td>	Graham Cameron	</td></tr><tr><td>Field Code:</td><td>	F24-H1	</td></tr><tr><td>Collector Comments</td><td>	Clump of hair from trapper near McGee Lake	</td></tr><tr><td>Tissue Type</td><td>	Hair	</td></tr><tr><td>Date Collected</td><td>	2/24/2006 0:00	</td></tr></table>	]]></description><geo:lat>	44.63082836	</geo:lat><geo:long>	-78.1830864	</geo:long></item>
<item><title>CAN003716</title><description><![CDATA[	<table><tr><td>Batch Name</td><td>	Kawartha Highlands Signature Site	</td></tr> <tr><td>Collector</td><td>	Graham Cameron	</td></tr><tr><td>Field Code:</td><td>	F27-B1	</td></tr><tr><td>Collector Comments</td><td>	Much Blood Frozen on snow apparently menstrual blood or foot injury	</td></tr><tr><td>Tissue Type</td><td>	Blood	</td></tr><tr><td>Date Collected</td><td>	2/27/2006 0:00	</td></tr></table>	]]></description><geo:lat>	44.63881923	</geo:lat><geo:long>	-78.26335787	</geo:long></item>
<item><title>CAN003717</title><description><![CDATA[	<table><tr><td>Batch Name</td><td>	Kawartha Highlands Signature Site	</td></tr> <tr><td>Collector</td><td>	Graham Cameron	</td></tr><tr><td>Field Code:</td><td>	F27-H1	</td></tr><tr><td>Collector Comments</td><td>	3 hairs	</td></tr><tr><td>Tissue Type</td><td>	Hair	</td></tr><tr><td>Date Collected</td><td>	2/27/2006 0:00	</td></tr></table>	]]></description><geo:lat>	44.66959816	</geo:lat><geo:long>	-78.3327321	</geo:long></item>
<item><title>CAN003718</title><description><![CDATA[	<table><tr><td>Batch Name</td><td>	Kawartha Highlands Signature Site	</td></tr> <tr><td>Collector</td><td>	Graham Cameron	</td></tr><tr><td>Field Code:</td><td>	F28-H1	</td></tr><tr><td>Collector Comments</td><td>	3 very fine short hairs	</td></tr><tr><td>Tissue Type</td><td>	Hair	</td></tr><tr><td>Date Collected</td><td>	2/28/2006 0:00	</td></tr></table>	]]></description><geo:lat>	44.61575068	</geo:lat><geo:long>	-78.18641239	</geo:long></item>
<item><title>CAN003719</title><description><![CDATA[	<table><tr><td>Batch Name</td><td>	Kawartha Highlands Signature Site	</td></tr> <tr><td>Collector</td><td>	Graham Cameron	</td></tr><tr><td>Field Code:</td><td>	M3-S1	</td></tr><tr><td>Collector Comments</td><td>	Scat on trail near Stick Lake	</td></tr><tr><td>Tissue Type</td><td>	Feces	</td></tr><tr><td>Date Collected</td><td>	3/3/2006 0:00	</td></tr></table>	]]></description><geo:lat>	44.85021318	</geo:lat><geo:long>	-78.17258217	</geo:long></item>
<item><title>CAN003720</title><description><![CDATA[	<table><tr><td>Batch Name</td><td>	Kawartha Highlands Signature Site	</td></tr> <tr><td>Collector</td><td>	Graham Cameron	</td></tr><tr><td>Field Code:</td><td>	M3-S2	</td></tr><tr><td>Collector Comments</td><td>	Scat on trail near Stick Lake	</td></tr><tr><td>Tissue Type</td><td>	Feces	</td></tr><tr><td>Date Collected</td><td>	3/3/2006 0:00	</td></tr></table>	]]></description><geo:lat>	44.85021318	</geo:lat><geo:long>	-78.17258217	</geo:long></item>
<item><title>CAN003721</title><description><![CDATA[	<table><tr><td>Batch Name</td><td>	Kawartha Highlands Signature Site	</td></tr> <tr><td>Collector</td><td>	Graham Cameron	</td></tr><tr><td>Field Code:</td><td>	M4-S1	</td></tr><tr><td>Collector Comments</td><td>	Scat found on lake	</td></tr><tr><td>Tissue Type</td><td>	Feces	</td></tr><tr><td>Date Collected</td><td>	3/4/2006 0:00	</td></tr></table>	]]></description><geo:lat>	44.84195923	</geo:lat><geo:long>	-78.18714507	</geo:long></item>
<item><title>CAN003722</title><description><![CDATA[	<table><tr><td>Batch Name</td><td>	Kawartha Highlands Signature Site	</td></tr> <tr><td>Collector</td><td>	Graham Cameron	</td></tr><tr><td>Field Code:</td><td>	M4-S2	</td></tr><tr><td>Collector Comments</td><td>	Scat found on stick lake	</td></tr><tr><td>Tissue Type</td><td>	Feces	</td></tr><tr><td>Date Collected</td><td>	3/4/2006 0:00	</td></tr></table>	]]></description><geo:lat>	44.84195923	</geo:lat><geo:long>	-78.18714507	</geo:long></item>
<item><title>CAN003723</title><description><![CDATA[	<table><tr><td>Batch Name</td><td>	Kawartha Highlands Signature Site	</td></tr> <tr><td>Collector</td><td>	Graham Cameron	</td></tr><tr><td>Field Code:</td><td>	M4-S3	</td></tr><tr><td>Collector Comments</td><td>	Scat found on lake	</td></tr><tr><td>Tissue Type</td><td>	Feces	</td></tr><tr><td>Date Collected</td><td>	3/4/2006 0:00	</td></tr></table>	]]></description><geo:lat>	44.84195923	</geo:lat><geo:long>	-78.18714507	</geo:long></item>
<item><title>CAN003724</title><description><![CDATA[	<table><tr><td>Batch Name</td><td>	Kawartha Highlands Signature Site	</td></tr> <tr><td>Collector</td><td>	Graham Cameron	</td></tr><tr><td>Field Code:</td><td>	M4-S4	</td></tr><tr><td>Collector Comments</td><td>	Scat on stick Lake	</td></tr><tr><td>Tissue Type</td><td>	Feces	</td></tr><tr><td>Date Collected</td><td>	3/4/2006 0:00	</td></tr></table>	]]></description><geo:lat>	44.84195923	</geo:lat><geo:long>	-78.18714507	</geo:long></item>
<item><title>CAN003725</title><description><![CDATA[	<table><tr><td>Batch Name</td><td>	Kawartha Highlands Signature Site	</td></tr> <tr><td>Collector</td><td>	Graham Cameron	</td></tr><tr><td>Field Code:</td><td>	M8-S1	</td></tr><tr><td>Collector Comments</td><td>	Scat found on McGee Lake Trail	</td></tr><tr><td>Tissue Type</td><td>	Feces	</td></tr><tr><td>Date Collected</td><td>	3/8/2006 0:00	</td></tr></table>	]]></description><geo:lat>	44.64485323	</geo:lat><geo:long>	-78.14693504	</geo:long></item>
<item><title>CAN003726</title><description><![CDATA[	<table><tr><td>Batch Name</td><td>	Kawartha Highlands Signature Site	</td></tr> <tr><td>Collector</td><td>	Graham Cameron	</td></tr><tr><td>Field Code:</td><td>	M8-S2	</td></tr><tr><td>Collector Comments</td><td>	Scat found below fresh scat - this sample is much older	</td></tr><tr><td>Tissue Type</td><td>	Feces	</td></tr><tr><td>Date Collected</td><td>	3/8/2006 0:00	</td></tr></table>	]]></description><geo:lat>	44.64485323	</geo:lat><geo:long>	-78.14693504	</geo:long></item>
<item><title>CAN003727</title><description><![CDATA[	<table><tr><td>Batch Name</td><td>	Kawartha Highlands Signature Site	</td></tr> <tr><td>Collector</td><td>	Graham Cameron	</td></tr><tr><td>Field Code:</td><td>	M21-B1	</td></tr><tr><td>Collector Comments</td><td>	Blood frozen on snow	</td></tr><tr><td>Tissue Type</td><td>	Blood	</td></tr><tr><td>Date Collected</td><td>	3/21/2006 0:00	</td></tr></table>	]]></description><geo:lat>	44.76505456	</geo:lat><geo:long>	-78.24492802	</geo:long></item>
<item><title>CAN003728</title><description><![CDATA[	<table><tr><td>Batch Name</td><td>	Kawartha Highlands Signature Site	</td></tr> <tr><td>Collector</td><td>	Graham Cameron	</td></tr><tr><td>Field Code:</td><td>	M21-H1	</td></tr><tr><td>Collector Comments</td><td>	5-6 small hairs	</td></tr><tr><td>Tissue Type</td><td>	Hair	</td></tr><tr><td>Date Collected</td><td>	3/21/2006 0:00	</td></tr></table>	]]></description><geo:lat>	44.76505456	</geo:lat><geo:long>	-78.24492802	</geo:long></item>
<item><title>CAN003729</title><description><![CDATA[	<table><tr><td>Batch Name</td><td>	Kawartha Highlands Signature Site	</td></tr> <tr><td>Collector</td><td>	Graham Cameron	</td></tr><tr><td>Field Code:</td><td>	M21-S1	</td></tr><tr><td>Collector Comments</td><td>	four wolves scat on top of another	</td></tr><tr><td>Tissue Type</td><td>	Feces	</td></tr><tr><td>Date Collected</td><td>	3/21/2006 0:00	</td></tr></table>	]]></description><geo:lat>	44.76505456	</geo:lat><geo:long>	-78.24492802	</geo:long></item>
<item><title>CAN003730</title><description><![CDATA[	<table><tr><td>Batch Name</td><td>	Kawartha Highlands Signature Site	</td></tr> <tr><td>Collector</td><td>	Graham Cameron	</td></tr><tr><td>Field Code:</td><td>	M21-S2	</td></tr><tr><td>Collector Comments</td><td>	Older scat collected for compositional analysis	</td></tr><tr><td>Tissue Type</td><td>	Feces	</td></tr><tr><td>Date Collected</td><td>	3/21/2006 0:00	</td></tr></table>	]]></description><geo:lat>	44.76505456	</geo:lat><geo:long>	-78.24492802	</geo:long></item>
<item><title>CAN003731</title><description><![CDATA[	<table><tr><td>Batch Name</td><td>	Kawartha Highlands Signature Site	</td></tr> <tr><td>Collector</td><td>	Graham Cameron	</td></tr><tr><td>Field Code:</td><td>	M22-H1	</td></tr><tr><td>Collector Comments</td><td>	10 hairs approx. 	</td></tr><tr><td>Tissue Type</td><td>	Hair	</td></tr><tr><td>Date Collected</td><td>	3/22/2006 0:00	</td></tr></table>	]]></description><geo:lat>	44.77018248	</geo:lat><geo:long>	-78.29127815	</geo:long></item>
<item><title>CAN003732</title><description><![CDATA[	<table><tr><td>Batch Name</td><td>	Kawartha Highlands Signature Site	</td></tr> <tr><td>Collector</td><td>	Graham Cameron	</td></tr><tr><td>Field Code:</td><td>	M22-H2	</td></tr><tr><td>Collector Comments</td><td>	More than ten hairs	</td></tr><tr><td>Tissue Type</td><td>	Hair	</td></tr><tr><td>Date Collected</td><td>	3/22/2006 0:00	</td></tr></table>	]]></description><geo:lat>	44.77018248	</geo:lat><geo:long>	-78.29127815	</geo:long></item>
<item><title>CAN003733</title><description><![CDATA[	<table><tr><td>Batch Name</td><td>	Kawartha Highlands Signature Site	</td></tr> <tr><td>Collector</td><td>	Graham Cameron	</td></tr><tr><td>Field Code:</td><td>	M22-H3	</td></tr><tr><td>Collector Comments</td><td>	More than ten hairs from between both beds	</td></tr><tr><td>Tissue Type</td><td>	Hair	</td></tr><tr><td>Date Collected</td><td>	3/22/2006 0:00	</td></tr></table>	]]></description><geo:lat>	44.77018248	</geo:lat><geo:long>	-78.29127815	</geo:long></item>
<item><title>CAN003734</title><description><![CDATA[	<table><tr><td>Batch Name</td><td>	Kawartha Highlands Signature Site	</td></tr> <tr><td>Collector</td><td>	Graham Cameron	</td></tr><tr><td>Field Code:</td><td>	M22-H4	</td></tr><tr><td>Collector Comments</td><td>	About ten hairs	</td></tr><tr><td>Tissue Type</td><td>	Hair	</td></tr><tr><td>Date Collected</td><td>	3/22/2006 0:00	</td></tr></table>	]]></description><geo:lat>	44.814318	</geo:lat><geo:long>	-78.31435368	</geo:long></item>

 
  </channel>
</rss>




