<?xml version="1.0" encoding="utf-8" ?>
<rss version="2.0" xmlns:geo="http://www.w3.org/2003/01/geo/wgs84_pos#">
<channel>
<title>wolfWGS84Custom</title>
<link/>
<description>Used custom fields from wolf</description>
<item><title>CAN004864</title><description><![CDATA[<table><tr><td>Organisms Name:</td><td></td></tr><tr><td>Organisms Health Status:</td><td>Presumed Dead</td></tr><tr><td>Organisms Year Of Death:</td><td>2007</td></tr><tr><td>Organisms Cause Of Death:</td><td>hit by auto</td></tr><tr><td>Organisms Field Gender:</td><td>M</td></tr><tr><td>Organisms Age:</td><td>adult</td></tr><tr><td>Samples Utm Datum:</td><td>WGS84</td></tr><tr><td>Samples Submitter Comments:</td><td>Provided by Ron Shultz</td></tr><tr><td>Samples Receiver Comments:</td><td></td></tr><tr><td>Samples Locality Type:</td><td>County</td></tr><tr><td>Samples Date Collected:</td><td>9/17/2007 12:00:00 AM</td></tr><tr><td>Samples Date Received:</td><td>10/24/2007 12:00:00 AM</td></tr><tr><td>Samples Locality:</td><td>Price County</td></tr><tr><td>Samples Locality Comments:</td><td>T38N, R2E, Section 27</td></tr><tr><td>Samples Date Submitted:</td><td></td></tr></table>]]></description><geo:lat>45.75588889</geo:lat><geo:long>-90.22036111</geo:long></item>
<item><title>CAN004865</title><description><![CDATA[<table><tr><td>Organisms Name:</td><td></td></tr><tr><td>Organisms Health Status:</td><td>Presumed Dead</td></tr><tr><td>Organisms Year Of Death:</td><td>2007</td></tr><tr><td>Organisms Cause Of Death:</td><td></td></tr><tr><td>Organisms Field Gender:</td><td>F</td></tr><tr><td>Organisms Age:</td><td>adult</td></tr><tr><td>Samples Utm Datum:</td><td>WGS84</td></tr><tr><td>Samples Submitter Comments:</td><td>Provided by Ron Shultz</td></tr><tr><td>Samples Receiver Comments:</td><td></td></tr><tr><td>Samples Locality Type:</td><td>County</td></tr><tr><td>Samples Date Collected:</td><td>6/20/2007 12:00:00 AM</td></tr><tr><td>Samples Date Received:</td><td>10/24/2007 12:00:00 AM</td></tr><tr><td>Samples Locality:</td><td>Vilas County</td></tr><tr><td>Samples Locality Comments:</td><td>T40N, R9E, Section 7</td></tr><tr><td>Samples Date Submitted:</td><td></td></tr></table>]]></description><geo:lat>45.9563</geo:lat><geo:long>-89.39825</geo:long></item>
<item><title>CAN004866</title><description><![CDATA[<table><tr><td>Organisms Name:</td><td></td></tr><tr><td>Organisms Health Status:</td><td>Dead</td></tr><tr><td>Organisms Year Of Death:</td><td>2007</td></tr><tr><td>Organisms Cause Of Death:</td><td>roadkill</td></tr><tr><td>Organisms Field Gender:</td><td>M</td></tr><tr><td>Organisms Age:</td><td>pup</td></tr><tr><td>Samples Utm Datum:</td><td>WGS84</td></tr><tr><td>Samples Submitter Comments:</td><td>Provided by Ron Shultz</td></tr><tr><td>Samples Receiver Comments:</td><td></td></tr><tr><td>Samples Locality Type:</td><td>County</td></tr><tr><td>Samples Date Collected:</td><td>2/7/2007 12:00:00 AM</td></tr><tr><td>Samples Date Received:</td><td>10/24/2007 12:00:00 AM</td></tr><tr><td>Samples Locality:</td><td>Bayfield County</td></tr><tr><td>Samples Locality Comments:</td><td>T43N, R5W, Section 18</td></tr><tr><td>Samples Date Submitted:</td><td></td></tr></table>]]></description><geo:lat>46.1992</geo:lat><geo:long>-91.0362</geo:long></item>
<item><title>CAN004868</title><description><![CDATA[<table><tr><td>Organisms Name:</td><td></td></tr><tr><td>Organisms Health Status:</td><td></td></tr><tr><td>Organisms Year Of Death:</td><td></td></tr><tr><td>Organisms Cause Of Death:</td><td></td></tr><tr><td>Organisms Field Gender:</td><td></td></tr><tr><td>Organisms Age:</td><td></td></tr><tr><td>Samples Utm Datum:</td><td>WGS84</td></tr><tr><td>Samples Submitter Comments:</td><td></td></tr><tr><td>Samples Receiver Comments:</td><td></td></tr><tr><td>Samples Locality Type:</td><td></td></tr><tr><td>Samples Date Collected:</td><td>11/11/2007 12:00:00 AM</td></tr><tr><td>Samples Date Received:</td><td>11/20/2007 12:00:00 AM</td></tr><tr><td>Samples Locality:</td><td></td></tr><tr><td>Samples Locality Comments:</td><td>South side of Carpenter Lake</td></tr><tr><td>Samples Date Submitted:</td><td></td></tr></table>]]></description><geo:lat>46.61305556</geo:lat><geo:long>-83.62527778</geo:long></item>
<item><title>CAN004874</title><description><![CDATA[<table><tr><td>Organisms Name:</td><td>61154</td></tr><tr><td>Organisms Health Status:</td><td></td></tr><tr><td>Organisms Year Of Death:</td><td></td></tr><tr><td>Organisms Cause Of Death:</td><td></td></tr><tr><td>Organisms Field Gender:</td><td>M</td></tr><tr><td>Organisms Age:</td><td>adult</td></tr><tr><td>Samples Utm Datum:</td><td>WGS84</td></tr><tr><td>Samples Submitter Comments:</td><td>Sample tag is a necropsy number</td></tr><tr><td>Samples Receiver Comments:</td><td></td></tr><tr><td>Samples Locality Type:</td><td>County</td></tr><tr><td>Samples Date Collected:</td><td>5/20/2003 12:00:00 AM</td></tr><tr><td>Samples Date Received:</td><td>11/20/2007 12:00:00 AM</td></tr><tr><td>Samples Locality:</td><td>Baraga</td></tr><tr><td>Samples Locality Comments:</td><td>50N 34W 31</td></tr><tr><td>Samples Date Submitted:</td><td></td></tr></table>]]></description><geo:lat>46.68652389</geo:lat><geo:long>-88.60528411</geo:long></item>
<item><title>CAN004875</title><description><![CDATA[<table><tr><td>Organisms Name:</td><td>70160</td></tr><tr><td>Organisms Health Status:</td><td></td></tr><tr><td>Organisms Year Of Death:</td><td></td></tr><tr><td>Organisms Cause Of Death:</td><td></td></tr><tr><td>Organisms Field Gender:</td><td>M</td></tr><tr><td>Organisms Age:</td><td>adult</td></tr><tr><td>Samples Utm Datum:</td><td>WGS84</td></tr><tr><td>Samples Submitter Comments:</td><td>Sample tag is a necropsy number</td></tr><tr><td>Samples Receiver Comments:</td><td></td></tr><tr><td>Samples Locality Type:</td><td>County</td></tr><tr><td>Samples Date Collected:</td><td>8/27/2004 12:00:00 AM</td></tr><tr><td>Samples Date Received:</td><td>11/20/2007 12:00:00 AM</td></tr><tr><td>Samples Locality:</td><td>Baraga</td></tr><tr><td>Samples Locality Comments:</td><td>52N 31W 10</td></tr><tr><td>Samples Date Submitted:</td><td></td></tr></table>]]></description><geo:lat>46.91724515</geo:lat><geo:long>-88.2244913</geo:long></item>
<item><title>CAN004876</title><description><![CDATA[<table><tr><td>Organisms Name:</td><td>61180</td></tr><tr><td>Organisms Health Status:</td><td></td></tr><tr><td>Organisms Year Of Death:</td><td></td></tr><tr><td>Organisms Cause Of Death:</td><td></td></tr><tr><td>Organisms Field Gender:</td><td>F</td></tr><tr><td>Organisms Age:</td><td>adult</td></tr><tr><td>Samples Utm Datum:</td><td>WGS84</td></tr><tr><td>Samples Submitter Comments:</td><td>Sample tag is a necropsy number</td></tr><tr><td>Samples Receiver Comments:</td><td></td></tr><tr><td>Samples Locality Type:</td><td>County</td></tr><tr><td>Samples Date Collected:</td><td>11/13/2004 12:00:00 AM</td></tr><tr><td>Samples Date Received:</td><td>11/20/2007 12:00:00 AM</td></tr><tr><td>Samples Locality:</td><td>Baraga</td></tr><tr><td>Samples Locality Comments:</td><td>51N 34W 23</td></tr><tr><td>Samples Date Submitted:</td><td></td></tr></table>]]></description><geo:lat>46.80102367</geo:lat><geo:long>-88.58303761</geo:long></item>
<item><title>CAN004877</title><description><![CDATA[<table><tr><td>Organisms Name:</td><td>730</td></tr><tr><td>Organisms Health Status:</td><td></td></tr><tr><td>Organisms Year Of Death:</td><td></td></tr><tr><td>Organisms Cause Of Death:</td><td></td></tr><tr><td>Organisms Field Gender:</td><td>M</td></tr><tr><td>Organisms Age:</td><td>adult</td></tr><tr><td>Samples Utm Datum:</td><td>WGS84</td></tr><tr><td>Samples Submitter Comments:</td><td>Sample tag is a Wolf ID number</td></tr><tr><td>Samples Receiver Comments:</td><td></td></tr><tr><td>Samples Locality Type:</td><td>County</td></tr><tr><td>Samples Date Collected:</td><td>6/27/2006 12:00:00 AM</td></tr><tr><td>Samples Date Received:</td><td>11/20/2007 12:00:00 AM</td></tr><tr><td>Samples Locality:</td><td>Baraga</td></tr><tr><td>Samples Locality Comments:</td><td>52N 35W 05</td></tr><tr><td>Samples Date Submitted:</td><td></td></tr></table>]]></description><geo:lat>46.93111232</geo:lat><geo:long>-88.77389078</geo:long></item>
<item><title>CAN004878</title><description><![CDATA[<table><tr><td>Organisms Name:</td><td>61155</td></tr><tr><td>Organisms Health Status:</td><td></td></tr><tr><td>Organisms Year Of Death:</td><td></td></tr><tr><td>Organisms Cause Of Death:</td><td></td></tr><tr><td>Organisms Field Gender:</td><td>M</td></tr><tr><td>Organisms Age:</td><td>adult</td></tr><tr><td>Samples Utm Datum:</td><td>WGS84</td></tr><tr><td>Samples Submitter Comments:</td><td>Sample tag is a necropsy number</td></tr><tr><td>Samples Receiver Comments:</td><td></td></tr><tr><td>Samples Locality Type:</td><td>County</td></tr><tr><td>Samples Date Collected:</td><td>10/30/2005 12:00:00 AM</td></tr><tr><td>Samples Date Received:</td><td>11/20/2007 12:00:00 AM</td></tr><tr><td>Samples Locality:</td><td>Iron</td></tr><tr><td>Samples Locality Comments:</td><td>43N 33W 26</td></tr><tr><td>Samples Date Submitted:</td><td></td></tr></table>]]></description><geo:lat>46.09415073</geo:lat><geo:long>-88.39823156</geo:long></item>
<item><title>CAN004879</title><description><![CDATA[<table><tr><td>Organisms Name:</td><td>61159</td></tr><tr><td>Organisms Health Status:</td><td></td></tr><tr><td>Organisms Year Of Death:</td><td></td></tr><tr><td>Organisms Cause Of Death:</td><td></td></tr><tr><td>Organisms Field Gender:</td><td>M</td></tr><tr><td>Organisms Age:</td><td>adult</td></tr><tr><td>Samples Utm Datum:</td><td>WGS84</td></tr><tr><td>Samples Submitter Comments:</td><td>Sample tag is a necropsy number</td></tr><tr><td>Samples Receiver Comments:</td><td></td></tr><tr><td>Samples Locality Type:</td><td>County</td></tr><tr><td>Samples Date Collected:</td><td>5/24/2003 12:00:00 AM</td></tr><tr><td>Samples Date Received:</td><td>11/20/2007 12:00:00 AM</td></tr><tr><td>Samples Locality:</td><td>Mackinac</td></tr><tr><td>Samples Locality Comments:</td><td>43N 08W 28</td></tr><tr><td>Samples Date Submitted:</td><td></td></tr></table>]]></description><geo:lat>46.09401464</geo:lat><geo:long>-85.31002931</geo:long></item>
<item><title>CAN004880</title><description><![CDATA[<table><tr><td>Organisms Name:</td><td>70164</td></tr><tr><td>Organisms Health Status:</td><td></td></tr><tr><td>Organisms Year Of Death:</td><td></td></tr><tr><td>Organisms Cause Of Death:</td><td></td></tr><tr><td>Organisms Field Gender:</td><td>M</td></tr><tr><td>Organisms Age:</td><td>adult</td></tr><tr><td>Samples Utm Datum:</td><td>WGS84</td></tr><tr><td>Samples Submitter Comments:</td><td>Sample tag is a necropsy number</td></tr><tr><td>Samples Receiver Comments:</td><td></td></tr><tr><td>Samples Locality Type:</td><td>County</td></tr><tr><td>Samples Date Collected:</td><td>5/31/2001 12:00:00 AM</td></tr><tr><td>Samples Date Received:</td><td>11/20/2007 12:00:00 AM</td></tr><tr><td>Samples Locality:</td><td>Schoolcraft</td></tr><tr><td>Samples Locality Comments:</td><td>47N 13W 29</td></tr><tr><td>Samples Date Submitted:</td><td></td></tr></table>]]></description><geo:lat>46.43983373</geo:lat><geo:long>-85.95887733</geo:long></item>
<item><title>CAN004881</title><description><![CDATA[<table><tr><td>Organisms Name:</td><td>70066</td></tr><tr><td>Organisms Health Status:</td><td></td></tr><tr><td>Organisms Year Of Death:</td><td></td></tr><tr><td>Organisms Cause Of Death:</td><td></td></tr><tr><td>Organisms Field Gender:</td><td>F</td></tr><tr><td>Organisms Age:</td><td>pup</td></tr><tr><td>Samples Utm Datum:</td><td>WGS84</td></tr><tr><td>Samples Submitter Comments:</td><td>Sample tag is a necropsy number</td></tr><tr><td>Samples Receiver Comments:</td><td></td></tr><tr><td>Samples Locality Type:</td><td>County</td></tr><tr><td>Samples Date Collected:</td><td>10/23/2003 12:00:00 AM</td></tr><tr><td>Samples Date Received:</td><td>11/20/2007 12:00:00 AM</td></tr><tr><td>Samples Locality:</td><td>Schoolcraft</td></tr><tr><td>Samples Locality Comments:</td><td>44N 15W 36</td></tr><tr><td>Samples Date Submitted:</td><td></td></tr></table>]]></description><geo:lat>46.16549369</geo:lat><geo:long>-86.12597319</geo:long></item>
<item><title>CAN004882</title><description><![CDATA[<table><tr><td>Organisms Name:</td><td>70070</td></tr><tr><td>Organisms Health Status:</td><td></td></tr><tr><td>Organisms Year Of Death:</td><td></td></tr><tr><td>Organisms Cause Of Death:</td><td></td></tr><tr><td>Organisms Field Gender:</td><td>M</td></tr><tr><td>Organisms Age:</td><td>adult</td></tr><tr><td>Samples Utm Datum:</td><td>WGS84</td></tr><tr><td>Samples Submitter Comments:</td><td>Sample tag is a necropsy number</td></tr><tr><td>Samples Receiver Comments:</td><td></td></tr><tr><td>Samples Locality Type:</td><td>County</td></tr><tr><td>Samples Date Collected:</td><td>6/28/2005 12:00:00 AM</td></tr><tr><td>Samples Date Received:</td><td>11/20/2007 12:00:00 AM</td></tr><tr><td>Samples Locality:</td><td>Schoolcraft</td></tr><tr><td>Samples Locality Comments:</td><td>44N 15W 26</td></tr><tr><td>Samples Date Submitted:</td><td></td></tr></table>]]></description><geo:lat>46.18009979</geo:lat><geo:long>-86.1469544</geo:long></item>
<item><title>CAN004883</title><description><![CDATA[<table><tr><td>Organisms Name:</td><td>70165</td></tr><tr><td>Organisms Health Status:</td><td></td></tr><tr><td>Organisms Year Of Death:</td><td></td></tr><tr><td>Organisms Cause Of Death:</td><td></td></tr><tr><td>Organisms Field Gender:</td><td>M</td></tr><tr><td>Organisms Age:</td><td>adult</td></tr><tr><td>Samples Utm Datum:</td><td>WGS84</td></tr><tr><td>Samples Submitter Comments:</td><td>Sample tag is a necropsy number</td></tr><tr><td>Samples Receiver Comments:</td><td></td></tr><tr><td>Samples Locality Type:</td><td>County</td></tr><tr><td>Samples Date Collected:</td><td>1/6/2006 12:00:00 AM</td></tr><tr><td>Samples Date Received:</td><td>11/20/2007 12:00:00 AM</td></tr><tr><td>Samples Locality:</td><td>Schoolcraft</td></tr><tr><td>Samples Locality Comments:</td><td>46N 15W 29</td></tr><tr><td>Samples Date Submitted:</td><td></td></tr></table>]]></description><geo:lat>46.35327286</geo:lat><geo:long>-86.20963931</geo:long></item>
<item><title>CAN004884</title><description><![CDATA[<table><tr><td>Organisms Name:</td><td>4203</td></tr><tr><td>Organisms Health Status:</td><td></td></tr><tr><td>Organisms Year Of Death:</td><td></td></tr><tr><td>Organisms Cause Of Death:</td><td></td></tr><tr><td>Organisms Field Gender:</td><td></td></tr><tr><td>Organisms Age:</td><td>adult</td></tr><tr><td>Samples Utm Datum:</td><td>WGS84</td></tr><tr><td>Samples Submitter Comments:</td><td>Sample tag is a necropsy number</td></tr><tr><td>Samples Receiver Comments:</td><td></td></tr><tr><td>Samples Locality Type:</td><td>County</td></tr><tr><td>Samples Date Collected:</td><td>11/7/2003 12:00:00 AM</td></tr><tr><td>Samples Date Received:</td><td>11/20/2007 12:00:00 AM</td></tr><tr><td>Samples Locality:</td><td>Baraga</td></tr><tr><td>Samples Locality Comments:</td><td>49N 33W 20</td></tr><tr><td>Samples Date Submitted:</td><td></td></tr></table>]]></description><geo:lat>46.62909032</geo:lat><geo:long>-88.46002687</geo:long></item>
<item><title>CAN004885</title><description><![CDATA[<table><tr><td>Organisms Name:</td><td>2150</td></tr><tr><td>Organisms Health Status:</td><td></td></tr><tr><td>Organisms Year Of Death:</td><td></td></tr><tr><td>Organisms Cause Of Death:</td><td></td></tr><tr><td>Organisms Field Gender:</td><td></td></tr><tr><td>Organisms Age:</td><td>adult</td></tr><tr><td>Samples Utm Datum:</td><td>WGS84</td></tr><tr><td>Samples Submitter Comments:</td><td>Sample tag is a necropsy number</td></tr><tr><td>Samples Receiver Comments:</td><td></td></tr><tr><td>Samples Locality Type:</td><td>County</td></tr><tr><td>Samples Date Collected:</td><td>1/16/2002 12:00:00 AM</td></tr><tr><td>Samples Date Received:</td><td>11/20/2007 12:00:00 AM</td></tr><tr><td>Samples Locality:</td><td>Dickinson</td></tr><tr><td>Samples Locality Comments:</td><td>42N 28W 25</td></tr><tr><td>Samples Date Submitted:</td><td></td></tr></table>]]></description><geo:lat>46.00732926</geo:lat><geo:long>-87.75226996</geo:long></item>
<item><title>CAN004886</title><description><![CDATA[<table><tr><td>Organisms Name:</td><td>4439</td></tr><tr><td>Organisms Health Status:</td><td></td></tr><tr><td>Organisms Year Of Death:</td><td></td></tr><tr><td>Organisms Cause Of Death:</td><td></td></tr><tr><td>Organisms Field Gender:</td><td></td></tr><tr><td>Organisms Age:</td><td>adult</td></tr><tr><td>Samples Utm Datum:</td><td>WGS84</td></tr><tr><td>Samples Submitter Comments:</td><td>Sample tag is a necropsy number</td></tr><tr><td>Samples Receiver Comments:</td><td></td></tr><tr><td>Samples Locality Type:</td><td>County</td></tr><tr><td>Samples Date Collected:</td><td>9/28/2002 12:00:00 AM</td></tr><tr><td>Samples Date Received:</td><td>11/20/2007 12:00:00 AM</td></tr><tr><td>Samples Locality:</td><td>Houghton</td></tr><tr><td>Samples Locality Comments:</td><td>52N 34W 29</td></tr><tr><td>Samples Date Submitted:</td><td></td></tr></table>]]></description><geo:lat>46.87352376</geo:lat><geo:long>-88.64689026</geo:long></item>
<item><title>CAN004887</title><description><![CDATA[<table><tr><td>Organisms Name:</td><td>4200</td></tr><tr><td>Organisms Health Status:</td><td></td></tr><tr><td>Organisms Year Of Death:</td><td></td></tr><tr><td>Organisms Cause Of Death:</td><td></td></tr><tr><td>Organisms Field Gender:</td><td></td></tr><tr><td>Organisms Age:</td><td>adult</td></tr><tr><td>Samples Utm Datum:</td><td>WGS84</td></tr><tr><td>Samples Submitter Comments:</td><td>Sample tag is a necropsy number</td></tr><tr><td>Samples Receiver Comments:</td><td></td></tr><tr><td>Samples Locality Type:</td><td>County</td></tr><tr><td>Samples Date Collected:</td><td>6/25/2001 12:00:00 AM</td></tr><tr><td>Samples Date Received:</td><td>11/20/2007 12:00:00 AM</td></tr><tr><td>Samples Locality:</td><td>Mackinac</td></tr><tr><td>Samples Locality Comments:</td><td>42N 04W 10</td></tr><tr><td>Samples Date Submitted:</td><td></td></tr></table>]]></description><geo:lat>46.04941217</geo:lat><geo:long>-84.78928999</geo:long></item>
<item><title>CAN004888</title><description><![CDATA[<table><tr><td>Organisms Name:</td><td>2255</td></tr><tr><td>Organisms Health Status:</td><td></td></tr><tr><td>Organisms Year Of Death:</td><td></td></tr><tr><td>Organisms Cause Of Death:</td><td></td></tr><tr><td>Organisms Field Gender:</td><td></td></tr><tr><td>Organisms Age:</td><td>adult</td></tr><tr><td>Samples Utm Datum:</td><td>WGS84</td></tr><tr><td>Samples Submitter Comments:</td><td>Sample tag is a necropsy number</td></tr><tr><td>Samples Receiver Comments:</td><td></td></tr><tr><td>Samples Locality Type:</td><td>County</td></tr><tr><td>Samples Date Collected:</td><td>5/13/2002 12:00:00 AM</td></tr><tr><td>Samples Date Received:</td><td>11/20/2007 12:00:00 AM</td></tr><tr><td>Samples Locality:</td><td>Mackinac</td></tr><tr><td>Samples Locality Comments:</td><td>44N 08W 20</td></tr><tr><td>Samples Date Submitted:</td><td></td></tr></table>]]></description><geo:lat>46.19484041</geo:lat><geo:long>-85.3313433</geo:long></item>
<item><title>CAN004889</title><description><![CDATA[<table><tr><td>Organisms Name:</td><td>2384</td></tr><tr><td>Organisms Health Status:</td><td></td></tr><tr><td>Organisms Year Of Death:</td><td></td></tr><tr><td>Organisms Cause Of Death:</td><td></td></tr><tr><td>Organisms Field Gender:</td><td></td></tr><tr><td>Organisms Age:</td><td>adult</td></tr><tr><td>Samples Utm Datum:</td><td>WGS84</td></tr><tr><td>Samples Submitter Comments:</td><td>Sample tag is a necropsy number</td></tr><tr><td>Samples Receiver Comments:</td><td></td></tr><tr><td>Samples Locality Type:</td><td>County</td></tr><tr><td>Samples Date Collected:</td><td>5/24/2002 12:00:00 AM</td></tr><tr><td>Samples Date Received:</td><td>11/20/2007 12:00:00 AM</td></tr><tr><td>Samples Locality:</td><td>Mackinac</td></tr><tr><td>Samples Locality Comments:</td><td>42N 04W 10</td></tr><tr><td>Samples Date Submitted:</td><td></td></tr></table>]]></description><geo:lat>46.04941217</geo:lat><geo:long>-84.78928999</geo:long></item>
<item><title>CAN004890</title><description><![CDATA[<table><tr><td>Organisms Name:</td><td>3883</td></tr><tr><td>Organisms Health Status:</td><td></td></tr><tr><td>Organisms Year Of Death:</td><td></td></tr><tr><td>Organisms Cause Of Death:</td><td></td></tr><tr><td>Organisms Field Gender:</td><td></td></tr><tr><td>Organisms Age:</td><td>adult</td></tr><tr><td>Samples Utm Datum:</td><td>WGS84</td></tr><tr><td>Samples Submitter Comments:</td><td>Sample tag is a necropsy number</td></tr><tr><td>Samples Receiver Comments:</td><td></td></tr><tr><td>Samples Locality Type:</td><td>County</td></tr><tr><td>Samples Date Collected:</td><td>10/29/2002 12:00:00 AM</td></tr><tr><td>Samples Date Received:</td><td>11/20/2007 12:00:00 AM</td></tr><tr><td>Samples Locality:</td><td>Mackinac</td></tr><tr><td>Samples Locality Comments:</td><td>43N 09W 17</td></tr><tr><td>Samples Date Submitted:</td><td></td></tr></table>]]></description><geo:lat>46.12236146</geo:lat><geo:long>-85.45710786</geo:long></item>
<item><title>CAN004891</title><description><![CDATA[<table><tr><td>Organisms Name:</td><td>4198</td></tr><tr><td>Organisms Health Status:</td><td></td></tr><tr><td>Organisms Year Of Death:</td><td></td></tr><tr><td>Organisms Cause Of Death:</td><td></td></tr><tr><td>Organisms Field Gender:</td><td></td></tr><tr><td>Organisms Age:</td><td>adult</td></tr><tr><td>Samples Utm Datum:</td><td>WGS84</td></tr><tr><td>Samples Submitter Comments:</td><td>Sample tag is a necropsy number</td></tr><tr><td>Samples Receiver Comments:</td><td></td></tr><tr><td>Samples Locality Type:</td><td>County</td></tr><tr><td>Samples Date Collected:</td><td>5/7/2003 12:00:00 AM</td></tr><tr><td>Samples Date Received:</td><td>11/20/2007 12:00:00 AM</td></tr><tr><td>Samples Locality:</td><td>Mackinac</td></tr><tr><td>Samples Locality Comments:</td><td>42N 04W 10</td></tr><tr><td>Samples Date Submitted:</td><td></td></tr></table>]]></description><geo:lat>46.04941217</geo:lat><geo:long>-84.78928999</geo:long></item>
<item><title>CAN004892</title><description><![CDATA[<table><tr><td>Organisms Name:</td><td>4892</td></tr><tr><td>Organisms Health Status:</td><td></td></tr><tr><td>Organisms Year Of Death:</td><td></td></tr><tr><td>Organisms Cause Of Death:</td><td></td></tr><tr><td>Organisms Field Gender:</td><td></td></tr><tr><td>Organisms Age:</td><td>adult</td></tr><tr><td>Samples Utm Datum:</td><td>WGS84</td></tr><tr><td>Samples Submitter Comments:</td><td>Sample tag is a necropsy number</td></tr><tr><td>Samples Receiver Comments:</td><td></td></tr><tr><td>Samples Locality Type:</td><td>County</td></tr><tr><td>Samples Date Collected:</td><td>10/19/2003 12:00:00 AM</td></tr><tr><td>Samples Date Received:</td><td>11/20/2007 12:00:00 AM</td></tr><tr><td>Samples Locality:</td><td>Mackinac</td></tr><tr><td>Samples Locality Comments:</td><td>44N 09W 07</td></tr><tr><td>Samples Date Submitted:</td><td></td></tr></table>]]></description><geo:lat>46.22378383</geo:lat><geo:long>-85.47741654</geo:long></item>
<item><title>CAN004893</title><description><![CDATA[<table><tr><td>Organisms Name:</td><td>5090</td></tr><tr><td>Organisms Health Status:</td><td></td></tr><tr><td>Organisms Year Of Death:</td><td></td></tr><tr><td>Organisms Cause Of Death:</td><td></td></tr><tr><td>Organisms Field Gender:</td><td></td></tr><tr><td>Organisms Age:</td><td>adult</td></tr><tr><td>Samples Utm Datum:</td><td>WGS84</td></tr><tr><td>Samples Submitter Comments:</td><td>Sample tag is a necropsy number</td></tr><tr><td>Samples Receiver Comments:</td><td></td></tr><tr><td>Samples Locality Type:</td><td>County</td></tr><tr><td>Samples Date Collected:</td><td>1/11/2003 12:00:00 AM</td></tr><tr><td>Samples Date Received:</td><td>11/20/2007 12:00:00 AM</td></tr><tr><td>Samples Locality:</td><td>Mackinac</td></tr><tr><td>Samples Locality Comments:</td><td>42N 06W 16</td></tr><tr><td>Samples Date Submitted:</td><td></td></tr></table>]]></description><geo:lat>46.03558327</geo:lat><geo:long>-85.06104284</geo:long></item>
<item><title>CAN004894</title><description><![CDATA[<table><tr><td>Organisms Name:</td><td>4881</td></tr><tr><td>Organisms Health Status:</td><td></td></tr><tr><td>Organisms Year Of Death:</td><td></td></tr><tr><td>Organisms Cause Of Death:</td><td></td></tr><tr><td>Organisms Field Gender:</td><td></td></tr><tr><td>Organisms Age:</td><td>adult</td></tr><tr><td>Samples Utm Datum:</td><td>WGS84</td></tr><tr><td>Samples Submitter Comments:</td><td>Sample tag is a necropsy number</td></tr><tr><td>Samples Receiver Comments:</td><td></td></tr><tr><td>Samples Locality Type:</td><td>County</td></tr><tr><td>Samples Date Collected:</td><td>2/11/2003 12:00:00 AM</td></tr><tr><td>Samples Date Received:</td><td>11/20/2007 12:00:00 AM</td></tr><tr><td>Samples Locality:</td><td>Mackinac</td></tr><tr><td>Samples Locality Comments:</td><td>44N 10W 11</td></tr><tr><td>Samples Date Submitted:</td><td></td></tr></table>]]></description><geo:lat>46.22359898</geo:lat><geo:long>-85.51925811</geo:long></item>
<item><title>CAN004895</title><description><![CDATA[<table><tr><td>Organisms Name:</td><td>5429</td></tr><tr><td>Organisms Health Status:</td><td></td></tr><tr><td>Organisms Year Of Death:</td><td></td></tr><tr><td>Organisms Cause Of Death:</td><td></td></tr><tr><td>Organisms Field Gender:</td><td></td></tr><tr><td>Organisms Age:</td><td>adult</td></tr><tr><td>Samples Utm Datum:</td><td>WGS84</td></tr><tr><td>Samples Submitter Comments:</td><td>Sample tag is a necropsy number</td></tr><tr><td>Samples Receiver Comments:</td><td></td></tr><tr><td>Samples Locality Type:</td><td>County</td></tr><tr><td>Samples Date Collected:</td><td>11/16/2003 12:00:00 AM</td></tr><tr><td>Samples Date Received:</td><td>11/20/2007 12:00:00 AM</td></tr><tr><td>Samples Locality:</td><td>Mackinac</td></tr><tr><td>Samples Locality Comments:</td><td>44N 11W 27</td></tr><tr><td>Samples Date Submitted:</td><td></td></tr></table>]]></description><geo:lat>46.18029161</geo:lat><geo:long>-85.66564034</geo:long></item>
<item><title>CAN004896</title><description><![CDATA[<table><tr><td>Organisms Name:</td><td>5250</td></tr><tr><td>Organisms Health Status:</td><td></td></tr><tr><td>Organisms Year Of Death:</td><td></td></tr><tr><td>Organisms Cause Of Death:</td><td></td></tr><tr><td>Organisms Field Gender:</td><td></td></tr><tr><td>Organisms Age:</td><td>yearling</td></tr><tr><td>Samples Utm Datum:</td><td>WGS84</td></tr><tr><td>Samples Submitter Comments:</td><td>Sample tag is a necropsy number</td></tr><tr><td>Samples Receiver Comments:</td><td></td></tr><tr><td>Samples Locality Type:</td><td>County</td></tr><tr><td>Samples Date Collected:</td><td>1/11/2003 12:00:00 AM</td></tr><tr><td>Samples Date Received:</td><td>11/20/2007 12:00:00 AM</td></tr><tr><td>Samples Locality:</td><td>Marquette</td></tr><tr><td>Samples Locality Comments:</td><td>50N 29W 08</td></tr><tr><td>Samples Date Submitted:</td><td></td></tr></table>]]></description><geo:lat>46.74430478</geo:lat><geo:long>-87.95969746</geo:long></item>
<item><title>CAN004897</title><description><![CDATA[<table><tr><td>Organisms Name:</td><td>5091</td></tr><tr><td>Organisms Health Status:</td><td></td></tr><tr><td>Organisms Year Of Death:</td><td></td></tr><tr><td>Organisms Cause Of Death:</td><td></td></tr><tr><td>Organisms Field Gender:</td><td></td></tr><tr><td>Organisms Age:</td><td>adult</td></tr><tr><td>Samples Utm Datum:</td><td>WGS84</td></tr><tr><td>Samples Submitter Comments:</td><td>Sample tag is a necropsy number</td></tr><tr><td>Samples Receiver Comments:</td><td></td></tr><tr><td>Samples Locality Type:</td><td>County</td></tr><tr><td>Samples Date Collected:</td><td>2/11/2004 12:00:00 AM</td></tr><tr><td>Samples Date Received:</td><td>11/20/2007 12:00:00 AM</td></tr><tr><td>Samples Locality:</td><td>Schoolcraft</td></tr><tr><td>Samples Locality Comments:</td><td>46N 14W 30</td></tr><tr><td>Samples Date Submitted:</td><td></td></tr></table>]]></description><geo:lat>46.35289484</geo:lat><geo:long>-86.10465972</geo:long></item>
<item><title>CAN004898</title><description><![CDATA[<table><tr><td>Organisms Name:</td><td>2167</td></tr><tr><td>Organisms Health Status:</td><td>Dead</td></tr><tr><td>Organisms Year Of Death:</td><td>2002</td></tr><tr><td>Organisms Cause Of Death:</td><td>Shot</td></tr><tr><td>Organisms Field Gender:</td><td>F</td></tr><tr><td>Organisms Age:</td><td>adult</td></tr><tr><td>Samples Utm Datum:</td><td>WGS84</td></tr><tr><td>Samples Submitter Comments:</td><td>Sample tag is a necropsy number</td></tr><tr><td>Samples Receiver Comments:</td><td></td></tr><tr><td>Samples Locality Type:</td><td>County</td></tr><tr><td>Samples Date Collected:</td><td>1/15/2002 12:00:00 AM</td></tr><tr><td>Samples Date Received:</td><td>11/20/2007 12:00:00 AM</td></tr><tr><td>Samples Locality:</td><td>Chippewa</td></tr><tr><td>Samples Locality Comments:</td><td>45N 03W 35</td></tr><tr><td>Samples Date Submitted:</td><td></td></tr></table>]]></description><geo:lat>46.25243492</geo:lat><geo:long>-84.64469723</geo:long></item>
<item><title>CAN004899</title><description><![CDATA[<table><tr><td>Organisms Name:</td><td>2213</td></tr><tr><td>Organisms Health Status:</td><td>Dead</td></tr><tr><td>Organisms Year Of Death:</td><td>2002</td></tr><tr><td>Organisms Cause Of Death:</td><td>Roadkill</td></tr><tr><td>Organisms Field Gender:</td><td>M</td></tr><tr><td>Organisms Age:</td><td>adult</td></tr><tr><td>Samples Utm Datum:</td><td>WGS84</td></tr><tr><td>Samples Submitter Comments:</td><td>Sample tag is a necropsy number</td></tr><tr><td>Samples Receiver Comments:</td><td></td></tr><tr><td>Samples Locality Type:</td><td>County</td></tr><tr><td>Samples Date Collected:</td><td>4/20/2002 12:00:00 AM</td></tr><tr><td>Samples Date Received:</td><td>11/20/2007 12:00:00 AM</td></tr><tr><td>Samples Locality:</td><td>Mackinac</td></tr><tr><td>Samples Locality Comments:</td><td>40N 04W 09</td></tr><tr><td>Samples Date Submitted:</td><td></td></tr></table>]]></description><geo:lat>45.87547349</geo:lat><geo:long>-84.81010504</geo:long></item>
<item><title>CAN004900</title><description><![CDATA[<table><tr><td>Organisms Name:</td><td>2383</td></tr><tr><td>Organisms Health Status:</td><td>Dead</td></tr><tr><td>Organisms Year Of Death:</td><td>2002</td></tr><tr><td>Organisms Cause Of Death:</td><td>Roadkill</td></tr><tr><td>Organisms Field Gender:</td><td>M</td></tr><tr><td>Organisms Age:</td><td>adult</td></tr><tr><td>Samples Utm Datum:</td><td>WGS84</td></tr><tr><td>Samples Submitter Comments:</td><td>Sample tag is a necropsy number</td></tr><tr><td>Samples Receiver Comments:</td><td></td></tr><tr><td>Samples Locality Type:</td><td>County</td></tr><tr><td>Samples Date Collected:</td><td>4/7/2002 12:00:00 AM</td></tr><tr><td>Samples Date Received:</td><td>11/20/2007 12:00:00 AM</td></tr><tr><td>Samples Locality:</td><td>Schoolcraft</td></tr><tr><td>Samples Locality Comments:</td><td>42N 14W 35</td></tr><tr><td>Samples Date Submitted:</td><td></td></tr></table>]]></description><geo:lat>45.99037349</geo:lat><geo:long>-86.02216788</geo:long></item>
<item><title>CAN004901</title><description><![CDATA[<table><tr><td>Organisms Name:</td><td>2623</td></tr><tr><td>Organisms Health Status:</td><td>Dead</td></tr><tr><td>Organisms Year Of Death:</td><td>2002</td></tr><tr><td>Organisms Cause Of Death:</td><td>Roadkill</td></tr><tr><td>Organisms Field Gender:</td><td>F</td></tr><tr><td>Organisms Age:</td><td>yearling</td></tr><tr><td>Samples Utm Datum:</td><td>WGS84</td></tr><tr><td>Samples Submitter Comments:</td><td>Sample tag is a necropsy number</td></tr><tr><td>Samples Receiver Comments:</td><td></td></tr><tr><td>Samples Locality Type:</td><td>County</td></tr><tr><td>Samples Date Collected:</td><td>8/7/2002 12:00:00 AM</td></tr><tr><td>Samples Date Received:</td><td>11/20/2007 12:00:00 AM</td></tr><tr><td>Samples Locality:</td><td>Menominee</td></tr><tr><td>Samples Locality Comments:</td><td>33N 26W 14</td></tr><tr><td>Samples Date Submitted:</td><td></td></tr></table>]]></description><geo:lat>45.2520098</geo:lat><geo:long>-87.48081581</geo:long></item>
<item><title>CAN004902</title><description><![CDATA[<table><tr><td>Organisms Name:</td><td>3482</td></tr><tr><td>Organisms Health Status:</td><td>Dead</td></tr><tr><td>Organisms Year Of Death:</td><td>2003</td></tr><tr><td>Organisms Cause Of Death:</td><td>Roadkill</td></tr><tr><td>Organisms Field Gender:</td><td>M</td></tr><tr><td>Organisms Age:</td><td>yearling</td></tr><tr><td>Samples Utm Datum:</td><td>WGS84</td></tr><tr><td>Samples Submitter Comments:</td><td>Sample tag is a necropsy number</td></tr><tr><td>Samples Receiver Comments:</td><td></td></tr><tr><td>Samples Locality Type:</td><td>County</td></tr><tr><td>Samples Date Collected:</td><td>2/27/2003 12:00:00 AM</td></tr><tr><td>Samples Date Received:</td><td>11/20/2007 12:00:00 AM</td></tr><tr><td>Samples Locality:</td><td>Delta</td></tr><tr><td>Samples Locality Comments:</td><td>38N 24W 04</td></tr><tr><td>Samples Date Submitted:</td><td></td></tr></table>]]></description><geo:lat>45.71727002</geo:lat><geo:long>-87.27420233</geo:long></item>
<item><title>CAN004903</title><description><![CDATA[<table><tr><td>Organisms Name:</td><td>3884</td></tr><tr><td>Organisms Health Status:</td><td>Dead</td></tr><tr><td>Organisms Year Of Death:</td><td>2003</td></tr><tr><td>Organisms Cause Of Death:</td><td>Shot</td></tr><tr><td>Organisms Field Gender:</td><td>F</td></tr><tr><td>Organisms Age:</td><td>adult</td></tr><tr><td>Samples Utm Datum:</td><td>WGS84</td></tr><tr><td>Samples Submitter Comments:</td><td>Sample tag is a necropsy number</td></tr><tr><td>Samples Receiver Comments:</td><td></td></tr><tr><td>Samples Locality Type:</td><td>County</td></tr><tr><td>Samples Date Collected:</td><td>4/8/2003 12:00:00 AM</td></tr><tr><td>Samples Date Received:</td><td>11/20/2007 12:00:00 AM</td></tr><tr><td>Samples Locality:</td><td>Mackinac</td></tr><tr><td>Samples Locality Comments:</td><td>44N 10W 21</td></tr><tr><td>Samples Date Submitted:</td><td></td></tr></table>]]></description><geo:lat>46.19474364</geo:lat><geo:long>-85.56095983</geo:long></item>
<item><title>CAN004904</title><description><![CDATA[<table><tr><td>Organisms Name:</td><td>3885</td></tr><tr><td>Organisms Health Status:</td><td>Dead</td></tr><tr><td>Organisms Year Of Death:</td><td>2003</td></tr><tr><td>Organisms Cause Of Death:</td><td>Shot</td></tr><tr><td>Organisms Field Gender:</td><td>M</td></tr><tr><td>Organisms Age:</td><td>adult</td></tr><tr><td>Samples Utm Datum:</td><td>WGS84</td></tr><tr><td>Samples Submitter Comments:</td><td>Sample tag is a necropsy number</td></tr><tr><td>Samples Receiver Comments:</td><td></td></tr><tr><td>Samples Locality Type:</td><td>County</td></tr><tr><td>Samples Date Collected:</td><td>1/9/2003 12:00:00 AM</td></tr><tr><td>Samples Date Received:</td><td>11/20/2007 12:00:00 AM</td></tr><tr><td>Samples Locality:</td><td>Mackinac</td></tr><tr><td>Samples Locality Comments:</td><td>43N 10W 10</td></tr><tr><td>Samples Date Submitted:</td><td></td></tr></table>]]></description><geo:lat>46.13703218</geo:lat><geo:long>-85.53994657</geo:long></item>
<item><title>CAN004905</title><description><![CDATA[<table><tr><td>Organisms Name:</td><td>3886</td></tr><tr><td>Organisms Health Status:</td><td>Dead</td></tr><tr><td>Organisms Year Of Death:</td><td>2003</td></tr><tr><td>Organisms Cause Of Death:</td><td>Shot</td></tr><tr><td>Organisms Field Gender:</td><td>F</td></tr><tr><td>Organisms Age:</td><td>adult</td></tr><tr><td>Samples Utm Datum:</td><td>WGS84</td></tr><tr><td>Samples Submitter Comments:</td><td>Sample tag is a necropsy number</td></tr><tr><td>Samples Receiver Comments:</td><td></td></tr><tr><td>Samples Locality Type:</td><td>County</td></tr><tr><td>Samples Date Collected:</td><td>4/9/2003 12:00:00 AM</td></tr><tr><td>Samples Date Received:</td><td>11/20/2007 12:00:00 AM</td></tr><tr><td>Samples Locality:</td><td>Mackinac</td></tr><tr><td>Samples Locality Comments:</td><td>43N 10W 10</td></tr><tr><td>Samples Date Submitted:</td><td></td></tr></table>]]></description><geo:lat>46.13703218</geo:lat><geo:long>-85.53994657</geo:long></item>
<item><title>CAN004906</title><description><![CDATA[<table><tr><td>Organisms Name:</td><td>3889</td></tr><tr><td>Organisms Health Status:</td><td>Dead</td></tr><tr><td>Organisms Year Of Death:</td><td>2003</td></tr><tr><td>Organisms Cause Of Death:</td><td>Roadkill</td></tr><tr><td>Organisms Field Gender:</td><td>M</td></tr><tr><td>Organisms Age:</td><td>adult</td></tr><tr><td>Samples Utm Datum:</td><td>WGS84</td></tr><tr><td>Samples Submitter Comments:</td><td>Sample tag is a necropsy number</td></tr><tr><td>Samples Receiver Comments:</td><td></td></tr><tr><td>Samples Locality Type:</td><td>County</td></tr><tr><td>Samples Date Collected:</td><td>7/16/2003 12:00:00 AM</td></tr><tr><td>Samples Date Received:</td><td>11/20/2007 12:00:00 AM</td></tr><tr><td>Samples Locality:</td><td>Delta</td></tr><tr><td>Samples Locality Comments:</td><td>39N 23W 27</td></tr><tr><td>Samples Date Submitted:</td><td></td></tr></table>]]></description><geo:lat>45.74625547</geo:lat><geo:long>-87.1312378</geo:long></item>
<item><title>CAN004907</title><description><![CDATA[<table><tr><td>Organisms Name:</td><td>3959</td></tr><tr><td>Organisms Health Status:</td><td>Dead</td></tr><tr><td>Organisms Year Of Death:</td><td>2003</td></tr><tr><td>Organisms Cause Of Death:</td><td>Roadkill</td></tr><tr><td>Organisms Field Gender:</td><td>F</td></tr><tr><td>Organisms Age:</td><td>adult</td></tr><tr><td>Samples Utm Datum:</td><td>WGS84</td></tr><tr><td>Samples Submitter Comments:</td><td>Sample tag is a necropsy number</td></tr><tr><td>Samples Receiver Comments:</td><td></td></tr><tr><td>Samples Locality Type:</td><td>County</td></tr><tr><td>Samples Date Collected:</td><td>4/14/2003 12:00:00 AM</td></tr><tr><td>Samples Date Received:</td><td>11/20/2007 12:00:00 AM</td></tr><tr><td>Samples Locality:</td><td>Delta</td></tr><tr><td>Samples Locality Comments:</td><td>39N 23W 14</td></tr><tr><td>Samples Date Submitted:</td><td></td></tr></table>]]></description><geo:lat>45.77539629</geo:lat><geo:long>-87.11057888</geo:long></item>
<item><title>CAN004908</title><description><![CDATA[<table><tr><td>Organisms Name:</td><td>4220</td></tr><tr><td>Organisms Health Status:</td><td>Dead</td></tr><tr><td>Organisms Year Of Death:</td><td>2004</td></tr><tr><td>Organisms Cause Of Death:</td><td>Roadkill</td></tr><tr><td>Organisms Field Gender:</td><td>M</td></tr><tr><td>Organisms Age:</td><td>adult</td></tr><tr><td>Samples Utm Datum:</td><td>WGS84</td></tr><tr><td>Samples Submitter Comments:</td><td>Sample tag is a necropsy number</td></tr><tr><td>Samples Receiver Comments:</td><td></td></tr><tr><td>Samples Locality Type:</td><td>County</td></tr><tr><td>Samples Date Collected:</td><td>2/25/2004 12:00:00 AM</td></tr><tr><td>Samples Date Received:</td><td>11/20/2007 12:00:00 AM</td></tr><tr><td>Samples Locality:</td><td>Delta</td></tr><tr><td>Samples Locality Comments:</td><td>41N 24W 22</td></tr><tr><td>Samples Date Submitted:</td><td></td></tr></table>]]></description><geo:lat>45.93479787</geo:lat><geo:long>-87.29481073</geo:long></item>
<item><title>CAN004909</title><description><![CDATA[<table><tr><td>Organisms Name:</td><td>4893</td></tr><tr><td>Organisms Health Status:</td><td>Dead</td></tr><tr><td>Organisms Year Of Death:</td><td>2004</td></tr><tr><td>Organisms Cause Of Death:</td><td>Roadkill</td></tr><tr><td>Organisms Field Gender:</td><td>F</td></tr><tr><td>Organisms Age:</td><td>adult</td></tr><tr><td>Samples Utm Datum:</td><td>WGS84</td></tr><tr><td>Samples Submitter Comments:</td><td>Sample tag is a necropsy number</td></tr><tr><td>Samples Receiver Comments:</td><td></td></tr><tr><td>Samples Locality Type:</td><td>County</td></tr><tr><td>Samples Date Collected:</td><td>9/14/2004 12:00:00 AM</td></tr><tr><td>Samples Date Received:</td><td>11/20/2007 12:00:00 AM</td></tr><tr><td>Samples Locality:</td><td>Dickinson</td></tr><tr><td>Samples Locality Comments:</td><td>42N 28W 35</td></tr><tr><td>Samples Date Submitted:</td><td></td></tr></table>]]></description><geo:lat>45.99300829</geo:lat><geo:long>-87.77308608</geo:long></item>
<item><title>CAN004910</title><description><![CDATA[<table><tr><td>Organisms Name:</td><td>4897</td></tr><tr><td>Organisms Health Status:</td><td>Dead</td></tr><tr><td>Organisms Year Of Death:</td><td>2004</td></tr><tr><td>Organisms Cause Of Death:</td><td>Trapped</td></tr><tr><td>Organisms Field Gender:</td><td>F</td></tr><tr><td>Organisms Age:</td><td>adult</td></tr><tr><td>Samples Utm Datum:</td><td>WGS84</td></tr><tr><td>Samples Submitter Comments:</td><td>Sample tag is a necropsy number</td></tr><tr><td>Samples Receiver Comments:</td><td></td></tr><tr><td>Samples Locality Type:</td><td>County</td></tr><tr><td>Samples Date Collected:</td><td>3/9/2004 12:00:00 AM</td></tr><tr><td>Samples Date Received:</td><td>11/20/2007 12:00:00 AM</td></tr><tr><td>Samples Locality:</td><td>Houghton</td></tr><tr><td>Samples Locality Comments:</td><td>51N 35W 34</td></tr><tr><td>Samples Date Submitted:</td><td></td></tr></table>]]></description><geo:lat>46.77233654</geo:lat><geo:long>-88.73144347</geo:long></item>
<item><title>CAN004911</title><description><![CDATA[<table><tr><td>Organisms Name:</td><td>4899</td></tr><tr><td>Organisms Health Status:</td><td>Dead</td></tr><tr><td>Organisms Year Of Death:</td><td>2004</td></tr><tr><td>Organisms Cause Of Death:</td><td>Roadkill</td></tr><tr><td>Organisms Field Gender:</td><td>F</td></tr><tr><td>Organisms Age:</td><td>adult</td></tr><tr><td>Samples Utm Datum:</td><td>WGS84</td></tr><tr><td>Samples Submitter Comments:</td><td>Sample tag is a necropsy number</td></tr><tr><td>Samples Receiver Comments:</td><td></td></tr><tr><td>Samples Locality Type:</td><td>County</td></tr><tr><td>Samples Date Collected:</td><td>7/16/2004 12:00:00 AM</td></tr><tr><td>Samples Date Received:</td><td>11/20/2007 12:00:00 AM</td></tr><tr><td>Samples Locality:</td><td>Houghton</td></tr><tr><td>Samples Locality Comments:</td><td>54N 32W 20</td></tr><tr><td>Samples Date Submitted:</td><td></td></tr></table>]]></description><geo:lat>47.06185795</geo:lat><geo:long>-88.39376804</geo:long></item>
<item><title>CAN004912</title><description><![CDATA[<table><tr><td>Organisms Name:</td><td>4918</td></tr><tr><td>Organisms Health Status:</td><td>Dead</td></tr><tr><td>Organisms Year Of Death:</td><td></td></tr><tr><td>Organisms Cause Of Death:</td><td>Shot</td></tr><tr><td>Organisms Field Gender:</td><td>F</td></tr><tr><td>Organisms Age:</td><td>adult</td></tr><tr><td>Samples Utm Datum:</td><td>WGS84</td></tr><tr><td>Samples Submitter Comments:</td><td>Sample tag is a necropsy number</td></tr><tr><td>Samples Receiver Comments:</td><td></td></tr><tr><td>Samples Locality Type:</td><td>County</td></tr><tr><td>Samples Date Collected:</td><td>1/1/2004 12:00:00 AM</td></tr><tr><td>Samples Date Received:</td><td>11/20/2007 12:00:00 AM</td></tr><tr><td>Samples Locality:</td><td>Delta</td></tr><tr><td>Samples Locality Comments:</td><td>43N 21W 03</td></tr><tr><td>Samples Date Submitted:</td><td></td></tr></table>]]></description><geo:lat>46.15153811</geo:lat><geo:long>-86.91769341</geo:long></item>
<item><title>CAN004913</title><description><![CDATA[<table><tr><td>Organisms Name:</td><td>5094</td></tr><tr><td>Organisms Health Status:</td><td>Dead</td></tr><tr><td>Organisms Year Of Death:</td><td>2004</td></tr><tr><td>Organisms Cause Of Death:</td><td>Roadkill</td></tr><tr><td>Organisms Field Gender:</td><td>M</td></tr><tr><td>Organisms Age:</td><td>adult</td></tr><tr><td>Samples Utm Datum:</td><td>WGS84</td></tr><tr><td>Samples Submitter Comments:</td><td>Sample tag is a necropsy number</td></tr><tr><td>Samples Receiver Comments:</td><td></td></tr><tr><td>Samples Locality Type:</td><td>County</td></tr><tr><td>Samples Date Collected:</td><td>2/2/2004 12:00:00 AM</td></tr><tr><td>Samples Date Received:</td><td>11/20/2007 12:00:00 AM</td></tr><tr><td>Samples Locality:</td><td>Schoolcraft</td></tr><tr><td>Samples Locality Comments:</td><td>45N 15W 27</td></tr><tr><td>Samples Date Submitted:</td><td></td></tr></table>]]></description><geo:lat>46.26644355</geo:lat><geo:long>-86.16788903</geo:long></item>
<item><title>CAN004914</title><description><![CDATA[<table><tr><td>Organisms Name:</td><td>5251</td></tr><tr><td>Organisms Health Status:</td><td>Dead</td></tr><tr><td>Organisms Year Of Death:</td><td>2005</td></tr><tr><td>Organisms Cause Of Death:</td><td>Snared</td></tr><tr><td>Organisms Field Gender:</td><td>M</td></tr><tr><td>Organisms Age:</td><td>pup</td></tr><tr><td>Samples Utm Datum:</td><td>WGS84</td></tr><tr><td>Samples Submitter Comments:</td><td>Sample tag is a necropsy number</td></tr><tr><td>Samples Receiver Comments:</td><td></td></tr><tr><td>Samples Locality Type:</td><td>County</td></tr><tr><td>Samples Date Collected:</td><td>1/22/2005 12:00:00 AM</td></tr><tr><td>Samples Date Received:</td><td>11/20/2007 12:00:00 AM</td></tr><tr><td>Samples Locality:</td><td>Dickinson</td></tr><tr><td>Samples Locality Comments:</td><td>42N 30W 01</td></tr><tr><td>Samples Date Submitted:</td><td></td></tr></table>]]></description><geo:lat>46.06558399</geo:lat><geo:long>-88.00259785</geo:long></item>
<item><title>CAN004915</title><description><![CDATA[<table><tr><td>Organisms Name:</td><td>5252</td></tr><tr><td>Organisms Health Status:</td><td>Dead</td></tr><tr><td>Organisms Year Of Death:</td><td>2005</td></tr><tr><td>Organisms Cause Of Death:</td><td></td></tr><tr><td>Organisms Field Gender:</td><td>M</td></tr><tr><td>Organisms Age:</td><td>adult</td></tr><tr><td>Samples Utm Datum:</td><td>WGS84</td></tr><tr><td>Samples Submitter Comments:</td><td>Sample tag is a necropsy number</td></tr><tr><td>Samples Receiver Comments:</td><td></td></tr><tr><td>Samples Locality Type:</td><td>County</td></tr><tr><td>Samples Date Collected:</td><td>4/13/2005 12:00:00 AM</td></tr><tr><td>Samples Date Received:</td><td>11/20/2007 12:00:00 AM</td></tr><tr><td>Samples Locality:</td><td>Houghton</td></tr><tr><td>Samples Locality Comments:</td><td>52N 34W 21</td></tr><tr><td>Samples Date Submitted:</td><td></td></tr></table>]]></description><geo:lat>46.88799562</geo:lat><geo:long>-88.62576022</geo:long></item>
<item><title>CAN004916</title><description><![CDATA[<table><tr><td>Organisms Name:</td><td>5253</td></tr><tr><td>Organisms Health Status:</td><td>Dead</td></tr><tr><td>Organisms Year Of Death:</td><td>2005</td></tr><tr><td>Organisms Cause Of Death:</td><td></td></tr><tr><td>Organisms Field Gender:</td><td>M</td></tr><tr><td>Organisms Age:</td><td>adult</td></tr><tr><td>Samples Utm Datum:</td><td>WGS84</td></tr><tr><td>Samples Submitter Comments:</td><td>Sample tag is a necropsy number</td></tr><tr><td>Samples Receiver Comments:</td><td></td></tr><tr><td>Samples Locality Type:</td><td>County</td></tr><tr><td>Samples Date Collected:</td><td>4/13/2005 12:00:00 AM</td></tr><tr><td>Samples Date Received:</td><td>11/20/2007 12:00:00 AM</td></tr><tr><td>Samples Locality:</td><td>Houghton</td></tr><tr><td>Samples Locality Comments:</td><td>52N 34W 21</td></tr><tr><td>Samples Date Submitted:</td><td></td></tr></table>]]></description><geo:lat>46.88799562</geo:lat><geo:long>-88.62576022</geo:long></item>
<item><title>CAN004917</title><description><![CDATA[<table><tr><td>Organisms Name:</td><td>5254</td></tr><tr><td>Organisms Health Status:</td><td>Dead</td></tr><tr><td>Organisms Year Of Death:</td><td>2005</td></tr><tr><td>Organisms Cause Of Death:</td><td></td></tr><tr><td>Organisms Field Gender:</td><td>M</td></tr><tr><td>Organisms Age:</td><td>adult</td></tr><tr><td>Samples Utm Datum:</td><td>WGS84</td></tr><tr><td>Samples Submitter Comments:</td><td>Sample tag is a necropsy number</td></tr><tr><td>Samples Receiver Comments:</td><td></td></tr><tr><td>Samples Locality Type:</td><td>County</td></tr><tr><td>Samples Date Collected:</td><td>4/14/2005 12:00:00 AM</td></tr><tr><td>Samples Date Received:</td><td>11/20/2007 12:00:00 AM</td></tr><tr><td>Samples Locality:</td><td>Houghton</td></tr><tr><td>Samples Locality Comments:</td><td>52N 34W 21</td></tr><tr><td>Samples Date Submitted:</td><td></td></tr></table>]]></description><geo:lat>46.88799562</geo:lat><geo:long>-88.62576022</geo:long></item>
<item><title>CAN004918</title><description><![CDATA[<table><tr><td>Organisms Name:</td><td>5323</td></tr><tr><td>Organisms Health Status:</td><td>Dead</td></tr><tr><td>Organisms Year Of Death:</td><td>2005</td></tr><tr><td>Organisms Cause Of Death:</td><td>Roadkill</td></tr><tr><td>Organisms Field Gender:</td><td>M</td></tr><tr><td>Organisms Age:</td><td>adult</td></tr><tr><td>Samples Utm Datum:</td><td>WGS84</td></tr><tr><td>Samples Submitter Comments:</td><td>Sample tag is a necropsy number</td></tr><tr><td>Samples Receiver Comments:</td><td></td></tr><tr><td>Samples Locality Type:</td><td>County</td></tr><tr><td>Samples Date Collected:</td><td>6/5/2005 12:00:00 AM</td></tr><tr><td>Samples Date Received:</td><td>11/20/2007 12:00:00 AM</td></tr><tr><td>Samples Locality:</td><td>Schoolcraft</td></tr><tr><td>Samples Locality Comments:</td><td>45N 13W 16</td></tr><tr><td>Samples Date Submitted:</td><td></td></tr></table>]]></description><geo:lat>46.29525889</geo:lat><geo:long>-85.93786616</geo:long></item>
<item><title>CAN004919</title><description><![CDATA[<table><tr><td>Organisms Name:</td><td>5324</td></tr><tr><td>Organisms Health Status:</td><td>Dead</td></tr><tr><td>Organisms Year Of Death:</td><td>2005</td></tr><tr><td>Organisms Cause Of Death:</td><td>Roadkill</td></tr><tr><td>Organisms Field Gender:</td><td>M</td></tr><tr><td>Organisms Age:</td><td>adult</td></tr><tr><td>Samples Utm Datum:</td><td>WGS84</td></tr><tr><td>Samples Submitter Comments:</td><td>Sample tag is a necropsy number</td></tr><tr><td>Samples Receiver Comments:</td><td></td></tr><tr><td>Samples Locality Type:</td><td>County</td></tr><tr><td>Samples Date Collected:</td><td>5/22/2005 12:00:00 AM</td></tr><tr><td>Samples Date Received:</td><td>11/20/2007 12:00:00 AM</td></tr><tr><td>Samples Locality:</td><td>Mackinac</td></tr><tr><td>Samples Locality Comments:</td><td>43N 09W 30</td></tr><tr><td>Samples Date Submitted:</td><td></td></tr></table>]]></description><geo:lat>46.09336248</geo:lat><geo:long>-85.47819489</geo:long></item>
<item><title>CAN004920</title><description><![CDATA[<table><tr><td>Organisms Name:</td><td>5328</td></tr><tr><td>Organisms Health Status:</td><td>Dead</td></tr><tr><td>Organisms Year Of Death:</td><td>2005</td></tr><tr><td>Organisms Cause Of Death:</td><td>Roadkill</td></tr><tr><td>Organisms Field Gender:</td><td>M</td></tr><tr><td>Organisms Age:</td><td>adult</td></tr><tr><td>Samples Utm Datum:</td><td>WGS84</td></tr><tr><td>Samples Submitter Comments:</td><td>Sample tag is a necropsy number</td></tr><tr><td>Samples Receiver Comments:</td><td></td></tr><tr><td>Samples Locality Type:</td><td>County</td></tr><tr><td>Samples Date Collected:</td><td>5/23/2005 12:00:00 AM</td></tr><tr><td>Samples Date Received:</td><td>11/20/2007 12:00:00 AM</td></tr><tr><td>Samples Locality:</td><td>Marquette</td></tr><tr><td>Samples Locality Comments:</td><td>47N 26W 15</td></tr><tr><td>Samples Date Submitted:</td><td></td></tr></table>]]></description><geo:lat>46.47020019</geo:lat><geo:long>-87.54073897</geo:long></item>
<item><title>CAN004921</title><description><![CDATA[<table><tr><td>Organisms Name:</td><td>5427</td></tr><tr><td>Organisms Health Status:</td><td>Dead</td></tr><tr><td>Organisms Year Of Death:</td><td>2005</td></tr><tr><td>Organisms Cause Of Death:</td><td>Roadkill</td></tr><tr><td>Organisms Field Gender:</td><td>M</td></tr><tr><td>Organisms Age:</td><td>adult</td></tr><tr><td>Samples Utm Datum:</td><td>WGS84</td></tr><tr><td>Samples Submitter Comments:</td><td>Sample tag is a necropsy number</td></tr><tr><td>Samples Receiver Comments:</td><td></td></tr><tr><td>Samples Locality Type:</td><td>County</td></tr><tr><td>Samples Date Collected:</td><td>7/23/2005 12:00:00 AM</td></tr><tr><td>Samples Date Received:</td><td>11/20/2007 12:00:00 AM</td></tr><tr><td>Samples Locality:</td><td>Chippewa</td></tr><tr><td>Samples Locality Comments:</td><td>44N 01W 25</td></tr><tr><td>Samples Date Submitted:</td><td></td></tr></table>]]></description><geo:lat>46.17966112</geo:lat><geo:long>-84.37377598</geo:long></item>
<item><title>CAN004922</title><description><![CDATA[<table><tr><td>Organisms Name:</td><td>5428</td></tr><tr><td>Organisms Health Status:</td><td>Dead</td></tr><tr><td>Organisms Year Of Death:</td><td>2005</td></tr><tr><td>Organisms Cause Of Death:</td><td></td></tr><tr><td>Organisms Field Gender:</td><td>M</td></tr><tr><td>Organisms Age:</td><td>adult</td></tr><tr><td>Samples Utm Datum:</td><td>WGS84</td></tr><tr><td>Samples Submitter Comments:</td><td>Sample tag is a necropsy number</td></tr><tr><td>Samples Receiver Comments:</td><td></td></tr><tr><td>Samples Locality Type:</td><td>County</td></tr><tr><td>Samples Date Collected:</td><td>5/26/2005 12:00:00 AM</td></tr><tr><td>Samples Date Received:</td><td>11/20/2007 12:00:00 AM</td></tr><tr><td>Samples Locality:</td><td>Iron</td></tr><tr><td>Samples Locality Comments:</td><td>42N 33W 35</td></tr><tr><td>Samples Date Submitted:</td><td></td></tr></table>]]></description><geo:lat>45.99298067</geo:lat><geo:long>-88.39824457</geo:long></item>
<item><title>CAN004923</title><description><![CDATA[<table><tr><td>Organisms Name:</td><td>6038</td></tr><tr><td>Organisms Health Status:</td><td>Dead</td></tr><tr><td>Organisms Year Of Death:</td><td>2005</td></tr><tr><td>Organisms Cause Of Death:</td><td>Shot</td></tr><tr><td>Organisms Field Gender:</td><td>F</td></tr><tr><td>Organisms Age:</td><td>adult</td></tr><tr><td>Samples Utm Datum:</td><td>WGS84</td></tr><tr><td>Samples Submitter Comments:</td><td>Sample tag is a necropsy number</td></tr><tr><td>Samples Receiver Comments:</td><td></td></tr><tr><td>Samples Locality Type:</td><td>County</td></tr><tr><td>Samples Date Collected:</td><td>10/26/2005 12:00:00 AM</td></tr><tr><td>Samples Date Received:</td><td>11/20/2007 12:00:00 AM</td></tr><tr><td>Samples Locality:</td><td>Marquette</td></tr><tr><td>Samples Locality Comments:</td><td>49N 27W 28</td></tr><tr><td>Samples Date Submitted:</td><td></td></tr></table>]]></description><geo:lat>46.61455514</geo:lat><geo:long>-87.6873115</geo:long></item>
<item><title>CAN004924</title><description><![CDATA[<table><tr><td>Organisms Name:</td><td>6041</td></tr><tr><td>Organisms Health Status:</td><td>Dead</td></tr><tr><td>Organisms Year Of Death:</td><td>2005</td></tr><tr><td>Organisms Cause Of Death:</td><td>Roadkill</td></tr><tr><td>Organisms Field Gender:</td><td>M</td></tr><tr><td>Organisms Age:</td><td>adult</td></tr><tr><td>Samples Utm Datum:</td><td>WGS84</td></tr><tr><td>Samples Submitter Comments:</td><td>Sample tag is a necropsy number</td></tr><tr><td>Samples Receiver Comments:</td><td></td></tr><tr><td>Samples Locality Type:</td><td>County</td></tr><tr><td>Samples Date Collected:</td><td>5/9/2005 12:00:00 AM</td></tr><tr><td>Samples Date Received:</td><td>11/20/2007 12:00:00 AM</td></tr><tr><td>Samples Locality:</td><td>Baraga</td></tr><tr><td>Samples Locality Comments:</td><td>51N 33W 30</td></tr><tr><td>Samples Date Submitted:</td><td></td></tr></table>]]></description><geo:lat>46.78661348</geo:lat><geo:long>-88.54099975</geo:long></item>
<item><title>CAN004925</title><description><![CDATA[<table><tr><td>Organisms Name:</td><td>6044</td></tr><tr><td>Organisms Health Status:</td><td>Dead</td></tr><tr><td>Organisms Year Of Death:</td><td>2006</td></tr><tr><td>Organisms Cause Of Death:</td><td>Roadkill</td></tr><tr><td>Organisms Field Gender:</td><td>F</td></tr><tr><td>Organisms Age:</td><td>adult</td></tr><tr><td>Samples Utm Datum:</td><td>WGS84</td></tr><tr><td>Samples Submitter Comments:</td><td>Sample tag is a necropsy number</td></tr><tr><td>Samples Receiver Comments:</td><td></td></tr><tr><td>Samples Locality Type:</td><td>County</td></tr><tr><td>Samples Date Collected:</td><td>1/14/2006 12:00:00 AM</td></tr><tr><td>Samples Date Received:</td><td>11/20/2007 12:00:00 AM</td></tr><tr><td>Samples Locality:</td><td>Mackinac</td></tr><tr><td>Samples Locality Comments:</td><td>43N 01W 13</td></tr><tr><td>Samples Date Submitted:</td><td></td></tr></table>]]></description><geo:lat>46.12209718</geo:lat><geo:long>-84.37359568</geo:long></item>
<item><title>CAN004926</title><description><![CDATA[<table><tr><td>Organisms Name:</td><td>6047</td></tr><tr><td>Organisms Health Status:</td><td>Dead</td></tr><tr><td>Organisms Year Of Death:</td><td>2005</td></tr><tr><td>Organisms Cause Of Death:</td><td>Roadkill</td></tr><tr><td>Organisms Field Gender:</td><td>M</td></tr><tr><td>Organisms Age:</td><td>yearling</td></tr><tr><td>Samples Utm Datum:</td><td>WGS84</td></tr><tr><td>Samples Submitter Comments:</td><td>Sample tag is a necropsy number</td></tr><tr><td>Samples Receiver Comments:</td><td></td></tr><tr><td>Samples Locality Type:</td><td>County</td></tr><tr><td>Samples Date Collected:</td><td>10/11/2005 12:00:00 AM</td></tr><tr><td>Samples Date Received:</td><td>11/20/2007 12:00:00 AM</td></tr><tr><td>Samples Locality:</td><td>Baraga</td></tr><tr><td>Samples Locality Comments:</td><td>48N 33W 04</td></tr><tr><td>Samples Date Submitted:</td><td></td></tr></table>]]></description><geo:lat>46.586084</geo:lat><geo:long>-88.43921537</geo:long></item>
<item><title>CAN004927</title><description><![CDATA[<table><tr><td>Organisms Name:</td><td>61172</td></tr><tr><td>Organisms Health Status:</td><td>Dead</td></tr><tr><td>Organisms Year Of Death:</td><td>2006</td></tr><tr><td>Organisms Cause Of Death:</td><td>Roadkill</td></tr><tr><td>Organisms Field Gender:</td><td>M</td></tr><tr><td>Organisms Age:</td><td>adult</td></tr><tr><td>Samples Utm Datum:</td><td>WGS84</td></tr><tr><td>Samples Submitter Comments:</td><td>Sample tag is a necropsy number</td></tr><tr><td>Samples Receiver Comments:</td><td></td></tr><tr><td>Samples Locality Type:</td><td>County</td></tr><tr><td>Samples Date Collected:</td><td>8/17/2006 12:00:00 AM</td></tr><tr><td>Samples Date Received:</td><td>11/20/2007 12:00:00 AM</td></tr><tr><td>Samples Locality:</td><td>Mackinac</td></tr><tr><td>Samples Locality Comments:</td><td>42N 05W 24</td></tr><tr><td>Samples Date Submitted:</td><td></td></tr></table>]]></description><geo:lat>46.02094795</geo:lat><geo:long>-84.87311484</geo:long></item>
<item><title>CAN004928</title><description><![CDATA[<table><tr><td>Organisms Name:</td><td>61183</td></tr><tr><td>Organisms Health Status:</td><td>Dead</td></tr><tr><td>Organisms Year Of Death:</td><td>2006</td></tr><tr><td>Organisms Cause Of Death:</td><td>Shot</td></tr><tr><td>Organisms Field Gender:</td><td>M</td></tr><tr><td>Organisms Age:</td><td>adult</td></tr><tr><td>Samples Utm Datum:</td><td>WGS84</td></tr><tr><td>Samples Submitter Comments:</td><td>Sample tag is a necropsy number</td></tr><tr><td>Samples Receiver Comments:</td><td></td></tr><tr><td>Samples Locality Type:</td><td>County</td></tr><tr><td>Samples Date Collected:</td><td>1/29/2006 12:00:00 AM</td></tr><tr><td>Samples Date Received:</td><td>11/20/2007 12:00:00 AM</td></tr><tr><td>Samples Locality:</td><td>Menominee</td></tr><tr><td>Samples Locality Comments:</td><td>37N 25W 36</td></tr><tr><td>Samples Date Submitted:</td><td></td></tr></table>]]></description><geo:lat>45.55840625</geo:lat><geo:long>-87.33751278</geo:long></item>
<item><title>CAN004929</title><description><![CDATA[<table><tr><td>Organisms Name:</td><td>7068</td></tr><tr><td>Organisms Health Status:</td><td>Dead</td></tr><tr><td>Organisms Year Of Death:</td><td>2006</td></tr><tr><td>Organisms Cause Of Death:</td><td>Roadkill</td></tr><tr><td>Organisms Field Gender:</td><td>M</td></tr><tr><td>Organisms Age:</td><td>adult</td></tr><tr><td>Samples Utm Datum:</td><td>WGS84</td></tr><tr><td>Samples Submitter Comments:</td><td>Sample tag is a necropsy number</td></tr><tr><td>Samples Receiver Comments:</td><td></td></tr><tr><td>Samples Locality Type:</td><td>County</td></tr><tr><td>Samples Date Collected:</td><td>12/16/2006 12:00:00 AM</td></tr><tr><td>Samples Date Received:</td><td>11/20/2007 12:00:00 AM</td></tr><tr><td>Samples Locality:</td><td>Houghton</td></tr><tr><td>Samples Locality Comments:</td><td>51N 35W 36</td></tr><tr><td>Samples Date Submitted:</td><td></td></tr></table>]]></description><geo:lat>46.77218889</geo:lat><geo:long>-88.68923857</geo:long></item>
<item><title>CAN004930</title><description><![CDATA[<table><tr><td>Organisms Name:</td><td>7069</td></tr><tr><td>Organisms Health Status:</td><td>Dead</td></tr><tr><td>Organisms Year Of Death:</td><td>2006</td></tr><tr><td>Organisms Cause Of Death:</td><td>Roadkill</td></tr><tr><td>Organisms Field Gender:</td><td>M</td></tr><tr><td>Organisms Age:</td><td>yearling</td></tr><tr><td>Samples Utm Datum:</td><td>WGS84</td></tr><tr><td>Samples Submitter Comments:</td><td>Sample tag is a necropsy number</td></tr><tr><td>Samples Receiver Comments:</td><td></td></tr><tr><td>Samples Locality Type:</td><td>County</td></tr><tr><td>Samples Date Collected:</td><td>12/14/2006 12:00:00 AM</td></tr><tr><td>Samples Date Received:</td><td>11/20/2007 12:00:00 AM</td></tr><tr><td>Samples Locality:</td><td>Baraga</td></tr><tr><td>Samples Locality Comments:</td><td>49N 33W 07</td></tr><tr><td>Samples Date Submitted:</td><td></td></tr></table>]]></description><geo:lat>46.65758864</geo:lat><geo:long>-88.48034218</geo:long></item>
<item><title>CAN004931</title><description><![CDATA[<table><tr><td>Organisms Name:</td><td>61150</td></tr><tr><td>Organisms Health Status:</td><td>Dead</td></tr><tr><td>Organisms Year Of Death:</td><td>2006</td></tr><tr><td>Organisms Cause Of Death:</td><td>Roadkill</td></tr><tr><td>Organisms Field Gender:</td><td>F</td></tr><tr><td>Organisms Age:</td><td>juvenile</td></tr><tr><td>Samples Utm Datum:</td><td>WGS84</td></tr><tr><td>Samples Submitter Comments:</td><td>Sample tag is a necropsy number</td></tr><tr><td>Samples Receiver Comments:</td><td></td></tr><tr><td>Samples Locality Type:</td><td>County</td></tr><tr><td>Samples Date Collected:</td><td>2/7/2006 12:00:00 AM</td></tr><tr><td>Samples Date Received:</td><td>11/20/2007 12:00:00 AM</td></tr><tr><td>Samples Locality:</td><td>Houghton</td></tr><tr><td>Samples Locality Comments:</td><td>53N 32W 18</td></tr><tr><td>Samples Date Submitted:</td><td></td></tr></table>]]></description><geo:lat>46.98948324</geo:lat><geo:long>-88.41457388</geo:long></item>
<item><title>CAN004932</title><description><![CDATA[<table><tr><td>Organisms Name:</td><td>7072</td></tr><tr><td>Organisms Health Status:</td><td>Dead</td></tr><tr><td>Organisms Year Of Death:</td><td>2006</td></tr><tr><td>Organisms Cause Of Death:</td><td>Shot</td></tr><tr><td>Organisms Field Gender:</td><td>F</td></tr><tr><td>Organisms Age:</td><td>adult</td></tr><tr><td>Samples Utm Datum:</td><td>WGS84</td></tr><tr><td>Samples Submitter Comments:</td><td>Sample tag is a necropsy number</td></tr><tr><td>Samples Receiver Comments:</td><td></td></tr><tr><td>Samples Locality Type:</td><td>County</td></tr><tr><td>Samples Date Collected:</td><td>11/18/2006 12:00:00 AM</td></tr><tr><td>Samples Date Received:</td><td>11/20/2007 12:00:00 AM</td></tr><tr><td>Samples Locality:</td><td>Iron</td></tr><tr><td>Samples Locality Comments:</td><td>42N 32W 17</td></tr><tr><td>Samples Date Submitted:</td><td></td></tr></table>]]></description><geo:lat>46.03653333</geo:lat><geo:long>-88.33567144</geo:long></item>
<item><title>CAN004935</title><description><![CDATA[<table><tr><td>Organisms Name:</td><td></td></tr><tr><td>Organisms Health Status:</td><td>Dead</td></tr><tr><td>Organisms Year Of Death:</td><td>2006</td></tr><tr><td>Organisms Cause Of Death:</td><td>Shot</td></tr><tr><td>Organisms Field Gender:</td><td>F</td></tr><tr><td>Organisms Age:</td><td>pup</td></tr><tr><td>Samples Utm Datum:</td><td>WGS84</td></tr><tr><td>Samples Submitter Comments:</td><td></td></tr><tr><td>Samples Receiver Comments:</td><td></td></tr><tr><td>Samples Locality Type:</td><td>County</td></tr><tr><td>Samples Date Collected:</td><td>5/4/2006 12:00:00 AM</td></tr><tr><td>Samples Date Received:</td><td>11/20/2007 12:00:00 AM</td></tr><tr><td>Samples Locality:</td><td>Price</td></tr><tr><td>Samples Locality Comments:</td><td>T35N R1E Sec. 8</td></tr><tr><td>Samples Date Submitted:</td><td></td></tr></table>]]></description><geo:lat>45.52815</geo:lat><geo:long>-90.37272</geo:long></item>
<item><title>CAN004936</title><description><![CDATA[<table><tr><td>Organisms Name:</td><td></td></tr><tr><td>Organisms Health Status:</td><td>Dead</td></tr><tr><td>Organisms Year Of Death:</td><td>2006</td></tr><tr><td>Organisms Cause Of Death:</td><td></td></tr><tr><td>Organisms Field Gender:</td><td>M</td></tr><tr><td>Organisms Age:</td><td>pup</td></tr><tr><td>Samples Utm Datum:</td><td>WGS84</td></tr><tr><td>Samples Submitter Comments:</td><td></td></tr><tr><td>Samples Receiver Comments:</td><td></td></tr><tr><td>Samples Locality Type:</td><td>County</td></tr><tr><td>Samples Date Collected:</td><td>9/4/2006 12:00:00 AM</td></tr><tr><td>Samples Date Received:</td><td>11/20/2007 12:00:00 AM</td></tr><tr><td>Samples Locality:</td><td>Portage</td></tr><tr><td>Samples Locality Comments:</td><td>T24N R7E Sec. 16</td></tr><tr><td>Samples Date Submitted:</td><td></td></tr></table>]]></description><geo:lat>44.5631</geo:lat><geo:long>-89.6781</geo:long></item>
<item><title>CAN004937</title><description><![CDATA[<table><tr><td>Organisms Name:</td><td></td></tr><tr><td>Organisms Health Status:</td><td>Dead</td></tr><tr><td>Organisms Year Of Death:</td><td>2006</td></tr><tr><td>Organisms Cause Of Death:</td><td>Blunt force trauma</td></tr><tr><td>Organisms Field Gender:</td><td>M</td></tr><tr><td>Organisms Age:</td><td>adult</td></tr><tr><td>Samples Utm Datum:</td><td>WGS84</td></tr><tr><td>Samples Submitter Comments:</td><td></td></tr><tr><td>Samples Receiver Comments:</td><td></td></tr><tr><td>Samples Locality Type:</td><td>County</td></tr><tr><td>Samples Date Collected:</td><td>4/21/2006 12:00:00 AM</td></tr><tr><td>Samples Date Received:</td><td>11/20/2007 12:00:00 AM</td></tr><tr><td>Samples Locality:</td><td>Monroe</td></tr><tr><td>Samples Locality Comments:</td><td>T18N R1W Sec. 27; I-94 exit ramp on E edge of Tomah</td></tr><tr><td>Samples Date Submitted:</td><td></td></tr></table>]]></description><geo:lat>44.0023</geo:lat><geo:long>-90.4772</geo:long></item>
<item><title>CAN004938</title><description><![CDATA[<table><tr><td>Organisms Name:</td><td></td></tr><tr><td>Organisms Health Status:</td><td>Dead</td></tr><tr><td>Organisms Year Of Death:</td><td>2006</td></tr><tr><td>Organisms Cause Of Death:</td><td>Capture related</td></tr><tr><td>Organisms Field Gender:</td><td>M</td></tr><tr><td>Organisms Age:</td><td>adult</td></tr><tr><td>Samples Utm Datum:</td><td>WGS84</td></tr><tr><td>Samples Submitter Comments:</td><td></td></tr><tr><td>Samples Receiver Comments:</td><td></td></tr><tr><td>Samples Locality Type:</td><td>County</td></tr><tr><td>Samples Date Collected:</td><td>10/7/2006 12:00:00 AM</td></tr><tr><td>Samples Date Received:</td><td>11/20/2007 12:00:00 AM</td></tr><tr><td>Samples Locality:</td><td>Ashland</td></tr><tr><td>Samples Locality Comments:</td><td>T42N R1E Sec. 6</td></tr><tr><td>Samples Date Submitted:</td><td></td></tr></table>]]></description><geo:lat>46.14685</geo:lat><geo:long>-90.41134</geo:long></item>
<item><title>CAN004940</title><description><![CDATA[<table><tr><td>Organisms Name:</td><td></td></tr><tr><td>Organisms Health Status:</td><td>Dead</td></tr><tr><td>Organisms Year Of Death:</td><td>2006</td></tr><tr><td>Organisms Cause Of Death:</td><td></td></tr><tr><td>Organisms Field Gender:</td><td>F</td></tr><tr><td>Organisms Age:</td><td>adult</td></tr><tr><td>Samples Utm Datum:</td><td>WGS84</td></tr><tr><td>Samples Submitter Comments:</td><td></td></tr><tr><td>Samples Receiver Comments:</td><td></td></tr><tr><td>Samples Locality Type:</td><td>County</td></tr><tr><td>Samples Date Collected:</td><td>10/22/2006 12:00:00 AM</td></tr><tr><td>Samples Date Received:</td><td>11/20/2007 12:00:00 AM</td></tr><tr><td>Samples Locality:</td><td>Iron</td></tr><tr><td>Samples Locality Comments:</td><td>T44N R1E Sec. 7; O'Brien Lake Rd.</td></tr><tr><td>Samples Date Submitted:</td><td></td></tr></table>]]></description><geo:lat>46.3013</geo:lat><geo:long>-90.4049</geo:long></item>
<item><title>CAN004941</title><description><![CDATA[<table><tr><td>Organisms Name:</td><td></td></tr><tr><td>Organisms Health Status:</td><td>Dead</td></tr><tr><td>Organisms Year Of Death:</td><td>2006</td></tr><tr><td>Organisms Cause Of Death:</td><td>Vehicle collision</td></tr><tr><td>Organisms Field Gender:</td><td>F</td></tr><tr><td>Organisms Age:</td><td>adult</td></tr><tr><td>Samples Utm Datum:</td><td>WGS84</td></tr><tr><td>Samples Submitter Comments:</td><td></td></tr><tr><td>Samples Receiver Comments:</td><td></td></tr><tr><td>Samples Locality Type:</td><td>County</td></tr><tr><td>Samples Date Collected:</td><td>10/21/2006 12:00:00 AM</td></tr><tr><td>Samples Date Received:</td><td>11/20/2007 12:00:00 AM</td></tr><tr><td>Samples Locality:</td><td>Sawyer</td></tr><tr><td>Samples Locality Comments:</td><td>T40N R4E Sec. 33; Blaisdell Lake Rd. near Loretta/Draper</td></tr><tr><td>Samples Date Submitted:</td><td></td></tr></table>]]></description><geo:lat>45.9122</geo:lat><geo:long>-90.8757</geo:long></item>
<item><title>CAN004942</title><description><![CDATA[<table><tr><td>Organisms Name:</td><td></td></tr><tr><td>Organisms Health Status:</td><td>Dead</td></tr><tr><td>Organisms Year Of Death:</td><td>2006</td></tr><tr><td>Organisms Cause Of Death:</td><td>Vehicle collision</td></tr><tr><td>Organisms Field Gender:</td><td>M</td></tr><tr><td>Organisms Age:</td><td>adult</td></tr><tr><td>Samples Utm Datum:</td><td>WGS84</td></tr><tr><td>Samples Submitter Comments:</td><td></td></tr><tr><td>Samples Receiver Comments:</td><td></td></tr><tr><td>Samples Locality Type:</td><td>County</td></tr><tr><td>Samples Date Collected:</td><td>11/15/2006 12:00:00 AM</td></tr><tr><td>Samples Date Received:</td><td>11/20/2007 12:00:00 AM</td></tr><tr><td>Samples Locality:</td><td>Ashland</td></tr><tr><td>Samples Locality Comments:</td><td>T44N R2W Sec. 4; e of Mellen along Hwy 77, 2.5 mi. e of Hwy. 13.</td></tr><tr><td>Samples Date Submitted:</td><td></td></tr></table>]]></description><geo:lat>46.32722</geo:lat><geo:long>-90.61514</geo:long></item>
<item><title>CAN004944</title><description><![CDATA[<table><tr><td>Organisms Name:</td><td></td></tr><tr><td>Organisms Health Status:</td><td>Dead</td></tr><tr><td>Organisms Year Of Death:</td><td>2007</td></tr><tr><td>Organisms Cause Of Death:</td><td>Vehicle Collision</td></tr><tr><td>Organisms Field Gender:</td><td>F</td></tr><tr><td>Organisms Age:</td><td>adult</td></tr><tr><td>Samples Utm Datum:</td><td>WGS84</td></tr><tr><td>Samples Submitter Comments:</td><td></td></tr><tr><td>Samples Receiver Comments:</td><td></td></tr><tr><td>Samples Locality Type:</td><td>County</td></tr><tr><td>Samples Date Collected:</td><td>4/16/2007 12:00:00 AM</td></tr><tr><td>Samples Date Received:</td><td>11/20/2007 12:00:00 AM</td></tr><tr><td>Samples Locality:</td><td>Chippewa</td></tr><tr><td>Samples Locality Comments:</td><td>T28N, R9W, Sec. 1</td></tr><tr><td>Samples Date Submitted:</td><td></td></tr></table>]]></description><geo:lat>44.93</geo:lat><geo:long>-91.428</geo:long></item>
<item><title>CAN004945</title><description><![CDATA[<table><tr><td>Organisms Name:</td><td></td></tr><tr><td>Organisms Health Status:</td><td>Dead</td></tr><tr><td>Organisms Year Of Death:</td><td>2007</td></tr><tr><td>Organisms Cause Of Death:</td><td>Euthanized</td></tr><tr><td>Organisms Field Gender:</td><td>M</td></tr><tr><td>Organisms Age:</td><td>adult</td></tr><tr><td>Samples Utm Datum:</td><td>WGS84</td></tr><tr><td>Samples Submitter Comments:</td><td></td></tr><tr><td>Samples Receiver Comments:</td><td></td></tr><tr><td>Samples Locality Type:</td><td>County</td></tr><tr><td>Samples Date Collected:</td><td>6/27/2007 12:00:00 AM</td></tr><tr><td>Samples Date Received:</td><td>11/20/2007 12:00:00 AM</td></tr><tr><td>Samples Locality:</td><td>Florence</td></tr><tr><td>Samples Locality Comments:</td><td>T38N R18E Sec. 5</td></tr><tr><td>Samples Date Submitted:</td><td></td></tr></table>]]></description><geo:lat>45.80752</geo:lat><geo:long>-88.26852</geo:long></item>
<item><title>CAN004946</title><description><![CDATA[<table><tr><td>Organisms Name:</td><td></td></tr><tr><td>Organisms Health Status:</td><td>Dead</td></tr><tr><td>Organisms Year Of Death:</td><td>2007</td></tr><tr><td>Organisms Cause Of Death:</td><td>Vehicle Collision</td></tr><tr><td>Organisms Field Gender:</td><td>M</td></tr><tr><td>Organisms Age:</td><td>pup</td></tr><tr><td>Samples Utm Datum:</td><td>WGS84</td></tr><tr><td>Samples Submitter Comments:</td><td></td></tr><tr><td>Samples Receiver Comments:</td><td></td></tr><tr><td>Samples Locality Type:</td><td>County</td></tr><tr><td>Samples Date Collected:</td><td>2/7/2007 12:00:00 AM</td></tr><tr><td>Samples Date Received:</td><td>11/20/2007 12:00:00 AM</td></tr><tr><td>Samples Locality:</td><td>Washburn</td></tr><tr><td>Samples Locality Comments:</td><td>T42N, R11W, Sec. 27</td></tr><tr><td>Samples Date Submitted:</td><td></td></tr></table>]]></description><geo:lat>46.0995</geo:lat><geo:long>-91.71917</geo:long></item>
<item><title>CAN004947</title><description><![CDATA[<table><tr><td>Organisms Name:</td><td></td></tr><tr><td>Organisms Health Status:</td><td>Dead</td></tr><tr><td>Organisms Year Of Death:</td><td>2007</td></tr><tr><td>Organisms Cause Of Death:</td><td>Shot protecting livestock</td></tr><tr><td>Organisms Field Gender:</td><td>F</td></tr><tr><td>Organisms Age:</td><td>adult</td></tr><tr><td>Samples Utm Datum:</td><td>WGS84</td></tr><tr><td>Samples Submitter Comments:</td><td></td></tr><tr><td>Samples Receiver Comments:</td><td></td></tr><tr><td>Samples Locality Type:</td><td>County</td></tr><tr><td>Samples Date Collected:</td><td>2/7/2007 12:00:00 AM</td></tr><tr><td>Samples Date Received:</td><td>11/20/2007 12:00:00 AM</td></tr><tr><td>Samples Locality:</td><td>Shawano</td></tr><tr><td>Samples Locality Comments:</td><td>T28N, R11E, Sec. 20</td></tr><tr><td>Samples Date Submitted:</td><td></td></tr></table>]]></description><geo:lat>44.8855</geo:lat><geo:long>-89.1864</geo:long></item>
<item><title>CAN004948</title><description><![CDATA[<table><tr><td>Organisms Name:</td><td></td></tr><tr><td>Organisms Health Status:</td><td>Dead</td></tr><tr><td>Organisms Year Of Death:</td><td>2007</td></tr><tr><td>Organisms Cause Of Death:</td><td>Vehicle Collision</td></tr><tr><td>Organisms Field Gender:</td><td>M</td></tr><tr><td>Organisms Age:</td><td>adult</td></tr><tr><td>Samples Utm Datum:</td><td>WGS84</td></tr><tr><td>Samples Submitter Comments:</td><td></td></tr><tr><td>Samples Receiver Comments:</td><td></td></tr><tr><td>Samples Locality Type:</td><td>County</td></tr><tr><td>Samples Date Collected:</td><td>7/15/2007 12:00:00 AM</td></tr><tr><td>Samples Date Received:</td><td>11/20/2007 12:00:00 AM</td></tr><tr><td>Samples Locality:</td><td>Washburn</td></tr><tr><td>Samples Locality Comments:</td><td>T42N R11W Sec. 20</td></tr><tr><td>Samples Date Submitted:</td><td></td></tr></table>]]></description><geo:lat>46.09989</geo:lat><geo:long>-91.76783</geo:long></item>
<item><title>CAN004951</title><description><![CDATA[<table><tr><td>Organisms Name:</td><td></td></tr><tr><td>Organisms Health Status:</td><td>Dead</td></tr><tr><td>Organisms Year Of Death:</td><td>2007</td></tr><tr><td>Organisms Cause Of Death:</td><td></td></tr><tr><td>Organisms Field Gender:</td><td>F</td></tr><tr><td>Organisms Age:</td><td></td></tr><tr><td>Samples Utm Datum:</td><td>WGS84</td></tr><tr><td>Samples Submitter Comments:</td><td></td></tr><tr><td>Samples Receiver Comments:</td><td></td></tr><tr><td>Samples Locality Type:</td><td>County</td></tr><tr><td>Samples Date Collected:</td><td>1/10/2007 12:00:00 AM</td></tr><tr><td>Samples Date Received:</td><td>11/20/2007 12:00:00 AM</td></tr><tr><td>Samples Locality:</td><td>Dane</td></tr><tr><td>Samples Locality Comments:</td><td>T8N R6E Sec. 5</td></tr><tr><td>Samples Date Submitted:</td><td></td></tr></table>]]></description><geo:lat>43.19843</geo:lat><geo:long>-89.81095</geo:long></item>
<item><title>CAN004953</title><description><![CDATA[<table><tr><td>Organisms Name:</td><td></td></tr><tr><td>Organisms Health Status:</td><td>Dead</td></tr><tr><td>Organisms Year Of Death:</td><td>2007</td></tr><tr><td>Organisms Cause Of Death:</td><td>Shot by bowhunter</td></tr><tr><td>Organisms Field Gender:</td><td>F</td></tr><tr><td>Organisms Age:</td><td></td></tr><tr><td>Samples Utm Datum:</td><td>WGS84</td></tr><tr><td>Samples Submitter Comments:</td><td></td></tr><tr><td>Samples Receiver Comments:</td><td></td></tr><tr><td>Samples Locality Type:</td><td>County</td></tr><tr><td>Samples Date Collected:</td><td>10/14/2007 12:00:00 AM</td></tr><tr><td>Samples Date Received:</td><td>11/20/2007 12:00:00 AM</td></tr><tr><td>Samples Locality:</td><td>Trempealeau</td></tr><tr><td>Samples Locality Comments:</td><td>T19N R7W Sec. 8</td></tr><tr><td>Samples Date Submitted:</td><td></td></tr></table>]]></description><geo:lat>44.13128</geo:lat><geo:long>-91.24807</geo:long></item>
<item><title>CAN004976</title><description><![CDATA[<table><tr><td>Organisms Name:</td><td></td></tr><tr><td>Organisms Health Status:</td><td></td></tr><tr><td>Organisms Year Of Death:</td><td></td></tr><tr><td>Organisms Cause Of Death:</td><td></td></tr><tr><td>Organisms Field Gender:</td><td></td></tr><tr><td>Organisms Age:</td><td></td></tr><tr><td>Samples Utm Datum:</td><td>WGS84</td></tr><tr><td>Samples Submitter Comments:</td><td></td></tr><tr><td>Samples Receiver Comments:</td><td></td></tr><tr><td>Samples Locality Type:</td><td>County</td></tr><tr><td>Samples Date Collected:</td><td>11/21/2007 12:00:00 AM</td></tr><tr><td>Samples Date Received:</td><td>12/14/2007 12:00:00 AM</td></tr><tr><td>Samples Locality:</td><td>Oneida</td></tr><tr><td>Samples Locality Comments:</td><td>T38N R5E Sec. 17</td></tr><tr><td>Samples Date Submitted:</td><td></td></tr></table>]]></description><geo:lat>45.78733</geo:lat><geo:long>-89.87878</geo:long></item>
</channel>
</rss>
